"Asklepios Fachklinikum Tiefenbrunn,4, 5Â Sterne ,vor 2 Monaten,1,""Super Behandlung und schÃ¶ne AtmosphÃ¤re!";
"Mir wurde sehr geholfen!""";
Asklepios Fachklinikum Tiefenbrunn,4, 5Â Sterne ,vor 8 Monaten,GefÃ¤llt mir,Gute Mitarbeiter;
"Asklepios Fachklinikum Tiefenbrunn,4, 1Â Stern ,vor einem Jahr,13,""Das VorgesprÃ¤ch war sehr gut, dachte ich aber auch nur, denn wie die Ã¼ber mich gesprochen haben ist das allerletzte: meine Therapeutin angelogen und mich auch am Telefon fertig gemacht, als ich die Psychologin auf ihre Aktion angesprochen habe. Also ich bin schon mit der Klinik mehr als unzufrieden und das obwohl ich nicht aufgenommen wurde. Also ich kann die Klinik nicht empfehlen. HÃ¤tten die zugesagt ,hÃ¤tte ich sogar wieder abgesagt und hÃ¤tte weiter geguckt, was ich auch mit Erfolg (zumindest was der Fund der Klinik angeht) getan habe.""";
"Asklepios Fachklinikum Tiefenbrunn,4, 4Â Sterne ,vor 3 Jahren,3,""Alle sind bemÃ¼ht, Umgebung ist top. Man sollte hierfÃ¼r aber halbwegs stabil sein und viel in Eigenregie durchfÃ¼hren kÃ¶nnen. Oft fallen Therapien aus. Das Essen ist okay finde ich. War gerne hier, wÃ¼rde es auch weiter empfehlen.""";
Asklepios Fachklinikum Tiefenbrunn,4, 1Â Stern ,vor 2 Jahren,11,Schrecklich!!! Ein Albtraum! Die Pflege sind Katastrophal! Die Unterbringung sind ebenfalls nur ein Albtraum und deine Probleme werden Ã¼berhaupt nicht ernst genommen!. Die Pfleger machen sich lustig Ã¼ber die Probleme der Patienten und schikanieren teilweise die mit Patienten. Niemals nach Tiefenbrunnen !;
"Asklepios Fachklinikum Tiefenbrunn,4, 3Â Sterne ,vor 5 Jahren,7,""Nicht fÃ¼r Rollstuhlfahrer geeignet. Therapeuten sind freundlich und kompetent, das Pflegepersonal bemÃ¼ht sich, den Patienten einen angenehmen Aufenthalt zu bewerkstelligen. Ist man jedoch entlassen, ist es schwer eventuell benÃ¶tigte Unterlagen fÃ¼r eine weitere Behandlung nachtrÃ¤glich zum erhalten. Emailanfragen laufen ins Leere und telefonisch einen zustÃ¤ndigen Bearbeiter zu erreichen fast unmÃ¶glich, da viele nur in Teilzeit arbeiten.""";
Asklepios Fachklinikum Tiefenbrunn,4, 4Â Sterne ,vor 2 Jahren,2,Herr Herbst und Herr DÃ¼mpelmann waren die besten;
"Asklepios Fachklinikum Tiefenbrunn,4, 4Â Sterne ,vor 3 Jahren,1,""Therapie absolut in Ordnung. Leider AbzÃ¼ge in der """"B-Note"""".""";
Asklepios Fachklinikum Tiefenbrunn,4, 5Â Sterne ,vor 5 Jahren,3,Eine super Klinik. Kann ich nur weiter empfehlen;
Asklepios Fachklinikum Tiefenbrunn,4, 5Â Sterne ,vor 3 Jahren,6,Mir wurde nur positives Ã¼ber diese Klinik berichtet und kann nur positives darÃ¼ber und Ã¼ber ihre Mitarbeiter hinterlassen! Danke â™¡;
"Asklepios Fachklinikum Tiefenbrunn,4, 1Â Stern ,vor 3 Jahren,14,""schreckliche KLinik, unfÃ¤higes Personal, mangelhafte Unterbringung und Verpflegung, ein einziges Trauma, bloÃŸ woanders hin, NICHT NACH TIEFENBRUNN, KEINESFALLS""";
"Asklepios Fachklinikum Tiefenbrunn,4, 1Â Stern ,vor 6 Monaten,1,""(Ãœbersetzt von Google) Traumatisch";
;
(Original);
"Traumatic""";
Asklepios Fachklinikum Tiefenbrunn,4, 2Â Sterne ,vor 8 Monaten,0,;
Asklepios Fachklinikum Tiefenbrunn,4, 5Â Sterne ,vor einem Jahr,0,;
Asklepios Fachklinikum Tiefenbrunn,4, 5Â Sterne ,vor 4 Jahren,0,;
Asklepios Fachklinikum Tiefenbrunn,4, 5Â Sterne ,vor 3 Jahren,0,;
Asklepios Fachklinikum Tiefenbrunn,4, 1Â Stern ,vor 3 Monaten,0,;
Asklepios Fachklinikum Tiefenbrunn,4, 5Â Sterne ,vor 2 Jahren,0,;
Asklepios Fachklinikum Tiefenbrunn,4, 1Â Stern ,vor einem Jahr,0,;
Asklepios Fachklinikum Tiefenbrunn,4, 1Â Stern ,vor einer Woche,0,;
Asklepios Fachklinikum Tiefenbrunn,4, 5Â Sterne ,vor 2 Jahren,0,;
Asklepios Fachklinikum Tiefenbrunn,4, 5Â Sterne ,vor 4 Jahren,0,;
Asklepios Fachklinikum Tiefenbrunn,4, 5Â Sterne ,vor 7 Jahren,0,;
Asklepios Fachklinikum Tiefenbrunn,4, 5Â Sterne ,vor einem Monat,0,;
Asklepios Fachklinikum Tiefenbrunn,4, 5Â Sterne ,vor 3 Jahren,0,;
Die Therapeuten dort sind super und die Pfleger sind immer erreichbar, sowie UnterstÃ¼tzen einem sowie es geht. Man lernt viel und wenn man Borderline hat, reicht es vielleicht nicht einmal hier zu sein, sondern doch mehrmals und man hat immer wieder andere Ziele und Probleme die man mitbringt.;
;
"Ich finde, dass das Essen schon besser sein kÃ¶nnte.""";
Asklepios Fachklinikum GÃ¶ttingen,3, 5Â Sterne ,vor einem Jahr,1,Ich bin seit2004 hier patient.und gebe die Note 1.weuter so;
"Asklepios Fachklinikum GÃ¶ttingen,3, 1Â Stern ,vor einem Jahr,9,""Man wird herbestellt damit man aufgenommen wird und dann bekommt man zu hÃ¶ren, dass einem doch nicht mit der Posttraumatischen BelastungsstÃ¶rung geholfen werden kann da man hier nicht mit den flashbacks umgehen kann. Also wer psychische Probleme hat und man die bewÃ¤ltigen will sollte sich besser ne andere Klinik suchen""";
"Asklepios Fachklinikum GÃ¶ttingen,3, 4Â Sterne ,vor 2 Jahren,4,""Ich fÃ¼hlte mich als Patient immer ernst genommen und gut behandelt! Wenn man ein Problem hatte, konnte man immer entweder die Pfleger oder die Ã„rzte ansprechen!""";
"Asklepios Fachklinikum GÃ¶ttingen,3, 1Â Stern ,vor 4 Jahren,33,""In dieser Klinik herrschen teils schreckliche ZustÃ¤nde, was den Umgang mit Patienten angeht. Dies gilt insbesondere fÃ¼r die geschlossenen Stationen 1.2 und 1.1.";
Die Patienten werden dort teilweise wie Tiere gehalten und Besucher werden nicht besser behandelt. Viele Pfleger auf diesen Stationen sind menschlich zutiefst abgestumpft und funktionieren wie empathielose Maschinen, sprich, man wird dort des Ã–fteren menschenunwÃ¼rdig behandelt, wenn man den Anweisungen des Personals nicht Folge leistet oder wenn man diese hinterfragt.;
;
Aber das Asklepios hat auch gute Seiten. Wie die persÃ¶nliche Erfahrung ausfÃ¤llt, hÃ¤ngt demnach davon ab, auf welcher Station man untergebracht wird und mit welchem Pflegepersonal man es zu tun hat. Es gibt auch sehr kompetente und freundliche Ã„rzte, genau so beim Pflegepersonal.;
;
Aber ich wÃ¼rde wirklich niemandem empfehlen, sich freiwillig und Ã¼ber lÃ¤ngere Zeit auf die geschlossenen Stationen zu begeben. Dort sollte man mal wirklich Ã„nderung reinbringen, was den Umgang mit den Patienten und Besuchern angeht. Die WÃ¼rde eines Menschen ist unantastbar, das gilt auch fÃ¼r Menschen mit psychischer Erkrankung! Und gerade bei solchen sollte man vorsichtig sein und nicht wie die Axt im Walde herumkommandieren und respektlos behandeln.;
;
Ich habe leider sehr schlechte Erfahrungen gemacht, und mit dieser Rezension soll meiner Wut und EnttÃ¤uschung Ausdruck verliehen werden. Das muss nicht fÃ¼r jeden gelten;" unter UmstÃ¤nden kann man auch durchaus positive Erfahrungen in dieser Klinik machen."""
"Asklepios Fachklinikum GÃ¶ttingen,3, 1Â Stern ,vor 2 Jahren,13,""Nicht zu empfehlen!";
Pfleger und Ã„rzte sind total unfreundlich und Inkompetent.;
Man wird dort wie Dreck behandelt.;
Es existiert Null Hilfsbereitschaft und wenn man Mal irgendein Anliegen hat reagieren die Pfleger direkt genervt.;
"Bei MeinungsÃ¤uÃŸerung fliegt man quasi direkt dort raus.""";
"Asklepios Fachklinikum GÃ¶ttingen,3, 1Â Stern ,vor einem Jahr,11,""Angemeldet auf der 11.1, Zusage 2019 mit sehr langer Wartezeit.";
Gelandet auf der 4.2- akute Entgiftungsstation.;
"Zertifizierte, fachliche Entgiftung"""", bedeutet die Aufnahme von Menschen mit richterl.Beschluss, Schizophrenen, Menschen mit SchlafstÃ¶rungen, Psychosen, auffÃ¤llig viele mit der AbhÃ¤ngigkeit von Badesalz (Flakka googeln), Alkoholikern, Menschen mit gerontopsychiatrischen Problemen und wenigen OpiatabhÃ¤ngigen.";
Station 4.2=;
"Ein Kessel Buntes"""".Die meisten abgefÃ¼llt mit schwersten Neuroleptika/Psychopharmaka.";
Drogen aller Art findet man immer auf Station.;
;
FÃ¼r jemanden, der schon lange nichts mehr mit der Szene zu tun hat, arbeitet,voll im normalem sozialem Leben integriert ist und freiwillig vom Substitut entziehen mÃ¶chte oder eine Substitutumstellung anstrebt, ist diese Klinik nicht mehr zu empfehlen.;
"Es gibt 2-3 Mal die Woche Ergotherapie, 1x die Woche """"Sprudelbad"""" oder Fango- falls dies nicht ausfÃ¤llt.Eine medizinische Informationsgruppe und eine 5minÃ¼tige Morgenrunde, rundet die """"zertifizierte Entgiftung"""" ab.";
;
Die restlichen 20-24 Std.sitzt man herum.;
Wen wundert es da, dass Pfleger/Pflegerinnen, oft Ã¼berfordert oder abgestumpft sind.;
Positiv hervorzuheben ist die StationsÃ¤rztin Frau Guhll.;
;
Frau Kinder, Sozialarbeiterin, soll hier auch positiv erwÃ¤hnt werde. Ohne sie wÃ¼rde wohl so mancher Patient nach Entlassung auf der StraÃŸe stehen.;
;
"Essen in Kinderportionen, wenn dieses nicht schon nach Ã–ffnung des Essenswagens """"verschwunden"""" ist.";
MÃ¤nner werden hier nicht satt.;
;
Die Station ist dank der GleichgÃ¼ltigkeit einiger Patienten sehr dreckig.;
Ein Dank an die ReinigungskrÃ¤fte.;
;
Fazit: Wer hier wirklich entgiften mÃ¶chte, sollte sich ein dickes Fell zulegen, vermeiden mit einigen Patienten zu interagieren und so stabil sein, dass ihm/ihr die Drogen auf Station nichts ausmachen.;
;
Ein Tipp an die Pfleger: Von 10 Patienten, die Pola/ Methadon/ Methadicct oder ein anderes Substitut erhalten, spucken ca.5-6 das Substitut/Medikament aus, um es i.V. zu konsumieren oder an andere abzugeben.;
;
"Was ich lernte: Buscopan kann man rauchen, GÃ¶ttingen ist die einzige Stadt in Deutschland, in der """"Flex"""" eine so groÃŸe Rolle spielt und Konsumenten, die Hilfe auf der Entgiftungsstation suchen, laufen Gefahr, genau auf dieser Station rÃ¼ckfÃ¤llig zu werden.";
;
Es fehlt das Konzept, das noch zu Zeiten des LKH angewandt wurde.;
Menschen in stabiler Substitution, auf dem Weg zur Therapie oder dem Wunsch das Substitut zu reduzieren/umzustellen oder auch mÃ¤ÃŸigen Beikonsum zu entgiften, brauchen eine Station, auf der ihnen die reelle MÃ¶glichkeit gegeben wird, mit Hilfe von Ergotherapie, GesprÃ¤chsgruppen, EinzelgesprÃ¤chen und weiteren Angeboten der Tagesstrukturierung, zu entgiften/ umzustellen/ teilzuentgiften.;
;
AbhÃ¤ngige mit BeschlÃ¼ssen, sehr junge AbhÃ¤ngige, gerontopsychiatrische Patienten, akut psychotische Menschen, Menschen mit SchlafstÃ¶rungen oder eben Menschen, die ausschlieÃŸlich THC, Speed, Koks, Flex (Badesalze) konsumieren, allg.Amphetamine, Alkoholiker ohne Opiatkonsum/ MedikamentenabhÃ¤ngige ohne Opiatkonsum oder generell Menschen, die nie in ihrem Leben von etwas abhÃ¤ngig waren jedoch eine psychische Erkrankung haben, benÃ¶tigen eine andere Betreuung.;
;
"Durch das """"Mischen"""" der verschiedenen Krankheitsbilder, dem auffÃ¤llig weit auseinander reichendem Alter (17- 69)und stÃ¤ndigem Angebot jeder Art von illegalen Drogen, ist eine """"zertifizierte Entgiftung"""" fÃ¼r Substituierte u.A. mit dem Wunsch z.B. voll zu entgiften, teilzuentgiften oder sich von mÃ¤ÃŸigem Beikonsum v. Heroin/ Kokain/ Alkohol u.THC zu befreien, sehr schwer bis unmÃ¶glich.";
;
"Ich war in Ã¼ber 20 Jahren, acht Mal im LKH, jetzt Asklepios Klinik. Jedes Mal habe ich mein Ziel erreicht und """"drauÃŸen"""" halten kÃ¶nnen.";
"Bis 2010, meinem letzten Aufenthalt, wurde nach Alter, Erkrankung und """"Stoffgruppen"""" unterteilt.";
GÃ¶ttingen war DIE Entgiftung fÃ¼r OpiatabhÃ¤ngige Ã¼ber Niedersachsen hinaus- weil sie ein erfolgreiches Konzept anbot.;
;
2019 ist die einst so erfolgreiche Entgiftungsstation nicht mehr wieder zu erkennen.;
;
"Geld regiert die Welt- nun leider auch hier.""";
Asklepios Fachklinikum GÃ¶ttingen,3, 1Â Stern ,vor 2 Jahren,3,Super unfreundlich am Telefon abgespeist worden. Trotz Ãœberweisung vom Hausarzt. Nicht weiterzuempfehlen;
"Asklepios Fachklinikum GÃ¶ttingen,3, 5Â Sterne ,vor 4 Jahren,7,""Sehr nette, erfahrene,kompetente und hilsbereite Mitarbeiter. Menschen, die auch mal mehr tun, als das was gemacht werden muss.  Gerade in dem Bereich menschliches Miteinander, kann ich nur positive Dinge berichten/feststellen. Vom Pfleger bis zur ChefÃ¤rztin habe ich nur Mitarbeiter kennegelernt, die den Menschen dort abholen, wo er steht.""";
Asklepios Fachklinikum GÃ¶ttingen,3, 1Â Stern ,vor 2 Jahren,8,Der letzte Drecks laden das Personal behandelt ein wie Kleinkinder nutzen ihre Position voll aus teilweise total unfreundlich auf der 1.2 die OberÃ¤rtzte da kommt man sich vor ob die schon zu lange hier arbeiten und selber ihre Pillen nehmen absprachen werden Ã¼berhaupt nicht berÃ¼cksichtigt in keinster weise bei jeder kleinigkeit wird sofort der ausgang gestrichen besonders schlim die wochenenden da sitzt man nur seine zeit ab sonnst nichts eine reine verwaranstallt leildol und Pillen in hals und ab auf die nÃ¤chste Station das die Leute bloÃŸ ruhig sind und die Pfleger keine Arbeit haben Ã¼berhaupt nicht weiter zu empfehlen das beste sofort abreissen den laden kann nur sagen Drecks laden;
"Asklepios Fachklinikum GÃ¶ttingen,3, 5Â Sterne ,vor 4 Jahren,3,""Gute Behandlung. Leider immer zu wenig Betten, wenn eines dringend benÃ¶tigt wird. Kommt aber auch darauf an auf welcher Station man kommt.""";
Asklepios Fachklinikum GÃ¶ttingen,3, 5Â Sterne ,vor 2 Jahren,1,sehr gutes klima...;
Asklepios Fachklinikum GÃ¶ttingen,3, 1Â Stern ,vor 2 Jahren,7,Eine Verwandte von mir wurde dort eingeliefert und hat panische Angst wieder zurÃ¼ckzukehren. Sie hatte HÃ¤matome an Armen und Beinen. Grauenvoll;
Asklepios Fachklinikum GÃ¶ttingen,3, 1Â Stern ,vor 2 Jahren,10,leute nehmt keine krÃ¤uter!!!! spice oder andere legale drogen! durchlebt nicht das was mein kumpel grad durchmacht....:((( heftig man!;
Asklepios Fachklinikum GÃ¶ttingen,3, 1Â Stern ,vor 5 Jahren,14,MenschenunwÃ¼rdiger Umgang mit Patienten. Rechte sind anscheinend nichts wert - Gesetze kennen sie nicht. Pflegerische und soziale Aufgaben werden weitestgehend vernachlÃ¤ssigt. AngehÃ¶rige von Patienten werden arrogant und von oben herab behandelt. Interne MachtkÃ¤mpfe unter Ã„rzten und Personal - fehlende Absprachen. Ohne juristischen Beistand keine Kommunikation mÃ¶glich. Trauriger geht's nicht!!!;
Asklepios Fachklinikum GÃ¶ttingen,3, 4Â Sterne ,vor 4 Jahren,2,Ganz nettes und kompetentes Personal. Leider jedoch viel zu wenig KapazitÃ¤t in jeglicher Hinsicht;
"Asklepios Fachklinikum GÃ¶ttingen,3, 4Â Sterne ,vor 3 Jahren,8,""Es ist in erster Linie ein akut Krankenhaus, das erklÃ¤rt auch das hier in dem Rahmen auch nur stabilisierend behandelt wird. Daher gibt's hier auch geschlossene, halb offene und forensische Stationen. Jedoch hat die asklepios auch diverse fachliche spezielle Therapien, diese sind in den anderen GebÃ¤uden und auch in einem anderen Rahmen. Die Station 9 ist bundesweit bekannt fÃ¼r ihre Frauen zentrierte Trauma Therapie des prof. Dr. Sachse. Somit sollte man genau wissen was man braucht und sich dann in der Klinik informieren. Einzelne Referenzen und objektive wertungen, die sollte man sich Ã¼ber Patienten Foren einholen. Klar ist, das in der Klinik mit der Schwester Einrichtung in  tiefenbrunn, ein rundes Angebot fÃ¼r allerhand Diagnosen, comorbiditÃ¤ten etc. Vorhanden sind und gleichfalls die akut Versorgung ein fester Bestandteil ist. Ich kann es bedenkenlos empfehlen.""";
"Asklepios Fachklinikum GÃ¶ttingen,3, 5Â Sterne ,vor 4 Jahren,5,""Hervorragende Klinik, die meisten Abteilungen mit Top-ChefÃ¤rzten/innen besetzt ,menschlich, kulant, entegenkommend, Pflegepersonal zu 98% top, einige von denen sind schon Ã¼ber 20 Jahre dort (waren es schon als es noch das Nds. LKH GÃ¶ttingen war)und immer noch mit Herzblut dabei. Habe noch keine bessere psychiatrische Klinik kennengerlernt, weder als Patient noch als Besucher. Macht weiter so.""";
Asklepios Fachklinikum GÃ¶ttingen,3, 5Â Sterne ,vor 3 Jahren,2,Kompetentes Personal. Gute Betreuung.;
"Asklepios Fachklinikum GÃ¶ttingen,3, 1Â Stern ,vor 5 Jahren,11,""Unfreundliches Personal, es werden sich an keinerlei Absprachen gehalten. Der Umgang mit Patienten ist unter aller sau und sowas von MenschenunwÃ¼rdig. Diese Klinik verdient nicht mal EIN Stern. Diese Inkompetenz und Machtgeilheit der Patienten und deren AngehÃ¶rigen gegenÃ¼ber ist einfach nur erbÃ¤rmlich und klÃ¤glich.""";
Asklepios Fachklinikum GÃ¶ttingen,3, 1Â Stern ,vor einem Jahr,6,Empfang sehr unfreundlich;
Asklepios Fachklinikum GÃ¶ttingen,3, 1Â Stern ,vor 2 Jahren,8,Schlimm;
"Asklepios Fachklinikum GÃ¶ttingen,3, 5Â Sterne ,vor 4 Jahren,3,""Sehr gut,TOP!""";
"Asklepios Fachklinikum GÃ¶ttingen,3, 1Â Stern ,vor 3 Jahren,12,""(Ãœbersetzt von Google) Ich wurde von der Person vor der ganzen Gruppe der anderen armen Seelen in Station 1.1 gedemÃ¼tigt und beschimpft. Ich fÃ¼hlte mich gezwungen, diesen faulen Ort nach nur einem Tag zu verlassen.";
;
(Original);
"I was humiliated and verbally abused by the personal in front of the whole group of the other poor souls in station 1.1. I felt forced to leave this rotten place after only one day.""";
Asklepios Fachklinikum GÃ¶ttingen,3, 5Â Sterne ,vor einem Jahr,0,;
Asklepios Fachklinikum GÃ¶ttingen,3, 5Â Sterne ,vor 2 Jahren,0,;
Asklepios Fachklinikum GÃ¶ttingen,3, 5Â Sterne ,vor 2 Jahren,0,;
Asklepios Fachklinikum GÃ¶ttingen,3, 1Â Stern ,vor 8 Monaten,0,;
Asklepios Fachklinikum GÃ¶ttingen,3, 2Â Sterne ,vor 4 Jahren,0,;
Asklepios Fachklinikum GÃ¶ttingen,3, 3Â Sterne ,vor 7 Monaten,0,;
Asklepios Fachklinikum GÃ¶ttingen,3, 5Â Sterne ,vor einem Jahr,0,;
Asklepios Fachklinikum GÃ¶ttingen,3, 5Â Sterne ,vor 4 Jahren,0,;
Asklepios Fachklinikum GÃ¶ttingen,3, 5Â Sterne ,vor 2 Jahren,0,;
Asklepios Fachklinikum GÃ¶ttingen,3, 5Â Sterne ,vor 3 Jahren,0,;
Asklepios Fachklinikum GÃ¶ttingen,3, 1Â Stern ,vor 4 Monaten,0,;
Asklepios Fachklinikum GÃ¶ttingen,3, 5Â Sterne ,vor 3 Jahren,0,;
Asklepios Fachklinikum GÃ¶ttingen,3, 5Â Sterne ,vor 5 Jahren,0,;
Asklepios Fachklinikum GÃ¶ttingen,3, 1Â Stern ,vor 2 Jahren,0,;
Asklepios Fachklinikum GÃ¶ttingen,3, 5Â Sterne ,vor einem Jahr,0,;
Asklepios Fachklinikum GÃ¶ttingen,3, 1Â Stern ,vor 9 Monaten,0,;
Asklepios Fachklinikum GÃ¶ttingen,3, 5Â Sterne ,vor 2 Monaten,0,;
Asklepios Fachklinikum GÃ¶ttingen,3, 1Â Stern ,vor 4 Monaten,0,;
Asklepios Fachklinikum GÃ¶ttingen,3, 1Â Stern ,vor einem Jahr,0,;
Asklepios Fachklinikum GÃ¶ttingen,3, 4Â Sterne ,vor 5 Jahren,0,;
Ich habe mich sehr gut aufgehoben gefÃ¼hlt.;
Mein besonderer Dank gilt Schwester Margrit  und Schwester Julia.;
Dem Ã„rzteteam um Dr.Oettel ein riesengrosses DankeschÃ¶n .;
Dr.Oettel kam sogar an den Pfingstfeiertagen um nach uns zu schauen.;
UND ICH BIN KEIN PRIVATPATIENT!;
Ich kann dieses Krankenhaus nur empfehlen.;
Dr. Oettel, seinem Team und dem Pflegepersonal von Station 2 wÃ¼nsche ich weiterhin viel Erfolg und SpaÃŸ in diesem Haus.;
"Marita Roscher Zimmer 215""";
"Herzogin Elisabeth Hospital,2, 5Â Sterne ,vor 3 Jahren,4,""Hatte vorletzte Woche eine SchilddrÃ¼sen-OP mit kompletter Entfernung der SD. Nach 2 Tagen schon Entlassung. Heute schon wieder arbeitsfÃ¤hig. Nach Aufwachen aus der Narkose vollkommen schmerzfrei.";
Dank gilt an Dr. Hinrich Seesko sowie das komplette OP- und Pflegeteam.;
"Sehr nett und kompetent. Gutes Essen. FÃ¼hlte mich gut aufgehoben und betreut. Kann ich nur weiterempfehlen.""";
"Herzogin Elisabeth Hospital,2, 5Â Sterne ,vor 3 Jahren,6,""BezÃ¼glich eines gefÃ¤ÃŸchirurgischen Eingriffs war ich im FrÃ¼hjahr 2018 im HEH und bin bis heute mehr als zufrieden. Vielen Dank an das Ã„rzteteam der dortigen GefÃ¤ÃŸchirurgie sowie das Pflegepersonal - die Behandlung und Betreuung habe ich als sehr angenehm wahrgenommen.";
;
Entgegnen der Erfahrung aus einer anderen Klinik war der Ablauf der Voruntersuchungen im HEH sehr gut - freundlicher Empfang und dann Untersuchung sowie ausfÃ¼hrliche ErlÃ¤uterung vom Oberarzt. Die Terminvergabe fÃ¼r die OP erfolgte dann zeitnah. Die vorstationÃ¤re Aufnahme vor der OP lief auch sehr gut, schnell und freundlich.;
Nach der OP eine Nacht auf der Intensivstation verbracht bei ebenfalls freundlicher Betreuung durch das Pflegepersonal, dies gilt auch fÃ¼r den Kontakt gegenÃ¼ber den AngehÃ¶rigen. Auch die folgenden Tage auf der Station waren geprÃ¤gt von einer stets sehr hilfsbereiten und freundlichen Art des Pflegepersonals und des Ã„rzteteams.;
"Vor dem Hinblick, dass ein Krankenhausaufenthalt in aller Regel nicht zum grÃ¶ÃŸten VergnÃ¼gen gehÃ¶rt, muss ich sagen, dass ich mich im HEH sehr gut aufgehoben gefÃ¼hlt habe.""";
"Herzogin Elisabeth Hospital,2, 5Â Sterne ,vor 2 Jahren,4,""Kompetente Betreuung, sehr gute Ã„rzte, sehr gutes Essen.""";
Herzogin Elisabeth Hospital,2, 5Â Sterne ,vor 5 Jahren,3,Super nettes Pflegepersonal. FÃ¼hlte mich wÃ¤hrend meines Aufenthalts ausgesprochen wohl und gut aufgehoben.;
"Herzogin Elisabeth Hospital,2, 5Â Sterne ,vor 3 Jahren,3,""ich mÃ¶chte mich bei Prof Heller bedanken ,insgesamt wurde ich an meiner HÃ¼fte 8 mal operiert in Goslar und mehrfach in der Endo klinik";
in Hamburg, auf Empfehlung wurde ich bei Pro. Heller vorstellig und wurde dort op.ein tolles Ergebnis ,nach einer Woche wurde ich entlassen;
ich ging nicht in eine Reha und war nach 14 Tagen topfit.Mein Dank geht an Herrn Prof .Heller, aber seine Mitarbeiterinnen und die KÃ¼che mÃ¶chte;
ich nicht vergessen.Bei der Verabschiedung sagte Prof.Heller auf;
Wiedersehen wir sehen uns nicht wieder,am liebsten hÃ¤tte ich gesagt;
"wollen wir wetten !""";
"Herzogin Elisabeth Hospital,2, 4Â Sterne ,vor 3 Jahren,4,""Also erstmal muÃŸ ich sagen, daÃŸ ich mich dort ganz gut betreut gefÃ¼hlt habe und auch noch weiter betreut werde. Die Untersuchungen, das Zusammenspiel der Ã„rzte und des Personals, d.h. Schwestern, Pfleger, ErnÃ¤hrungstherapeuten usw. hat funktioniert. Dennoch hÃ¤tte ich mir auf Station etwas mehr Ansprache gewÃ¼nscht. Zimmervisite fÃ¼r Behandlungspflege fand teilweise nur einmal pro Schicht statt, es sei denn, ich habe geklingelt. (Grundpflege habe ich nicht gebraucht) Da ich alleine im Zimmer war, war das manchmal nicht so schÃ¶n. Der Informationsfluss hÃ¤tte besser laufen kÃ¶nnen. Zum Beispiel ist es vielleicht doch wichtig, ob man jetzt mit-oder ohne Seife duschen darf, und was man trinken darf und was nicht, usw, z.B. Teesorten. Da haben andere Patienten teilweise gegenteilige Infos bekommen. Der Ablauf der Zimmerreinigung war fÃ¼r mich vÃ¶llig kurios: Einer kam um das Bett abzuwischen, Stunden spÃ¤ter kam der NÃ¤chste mit neuer WÃ¤sche, dann kam wieder wer Anders um den Nachtschrank zu reinigen, dann kam wieder die Erste Person um den MÃ¼ll zu entfernen? KÃ¶nnte man besser planen. Aber Irgendwo findet man ja meistens ein Haar in der Suppe!""";
Herzogin Elisabeth Hospital,2, 1Â Stern ,vor einem Jahr,1,Kommt  erst nach Jahren dran  obwohl  man die Schmerzen nicht aushÃ¤lt und die Operationen sind grausam;
"Herzogin Elisabeth Hospital,2, 1Â Stern ,vor 3 Jahren,6,""Achtung: Das MRT hier ist geschlossen. FÃ¼r eine Hals/Schulteruntersuchung wurde ich am Kopf arretiert in diese sehr enge RÃ¶hre fÃ¼r 15 Minuten geschoben. Dazu bekam ich ein paar gelbe OhrstÃ¶psel. Ich wusste, dass es bei MRTs auch Musik gibt. Hier gab es das nicht, angeblich wÃ¼rde so etwas immer kaputt gehen. Die OhrstÃ¶psel - die ich tatsÃ¤chlich nicht selber mitbringen musste - waren natÃ¼rlich nahezu wirkungslos. Das wiederlich laute unregelmÃ¤ÃŸige Klopfen kommt sehr sehr laut auf die Ohren. Ein Handtuch musste ich selbst mitbringen. Obwohl ich vorher prÃ¤zise angegeben hatte, das es mir  in der RÃ¶hre ganz sicher  nicht gut gehen wÃ¼rde, wurde darauf in keiner Weise eingegangen. Es wurde mir keinerlei Entspannungs-/Beruhigungsmittel angeboten. Mir wurde ein Notfallknopf in die Hand gedrÃ¼ckt und ab gings. Ich habe sofort hyperventiliert, bin aber dann doch nicht in Ohnmacht gefallen und habe es geschafft, nicht zu drÃ¼cken. Vermutlich, weil ich im Hinterkopf hatte, dass dann alles von vorne beginnen wÃ¼rde. SchweiÃŸnass und zitternd war ich dann nach ca. 15 vÃ¶llig einsamen panischen Minuten erlÃ¶st worden. Ich war noch nicht ganz  angezogen, da lag schon der NÃ¤chste, der nur mit dem Bein hinein musste auf der Schiene. Es war also offensichtlich die MÃ¶glichkeit eines Abbruchs eingeplant. Mittlerweile weiÃŸ ich, dass ich diese Prozedur gar nicht hÃ¤tte ertragen mÃ¼ssen - es gibt offene MRTs. Das ist vermutlich der Grund, weshalb ich hier so schnell einen Termin bekommen habe. Ganz sicher geht niemand dort hinein, der von einer Alternative weiÃŸ. Die Nichtverabreichung von Entspannungsmitteln kann ich mir nur damit erklÃ¤ren, dass dies das GeschÃ¤ftsmodell ist. FÃ¼r eine abgebrochene MRT-MaÃŸnahme kann man trotzdem eine Rechnung erstellen, also doppelt kassieren. Falls nicht abgebrochen wird, hat man wenigstens Medikamente gespart.""";
"Herzogin Elisabeth Hospital,2, 5Â Sterne ,vor 3 Jahren,5,""Ich bin sehr zufrieden mit der Klinik. Mir wurde Ende MÃ¤rz die SchilddrÃ¼se heraus genommen, da mehrere Knoten vorhanden waren. Ich wurde die Zeit, die ich dort verbrachte, sehr gut versorgt. Sowohl das ArztgesprÃ¤ch wie auch die Behandlung nach meiner OP waren sehr gut. Ich hatte vor der OP groÃŸe Angst ob alles gut gehen wird. Man nahm mir diese und klÃ¤rte mich ausfÃ¼hrlich Ã¼ber die OP auf. Sowohl die Ã„rzte, als auch die Schwestern haben sich fÃ¼hrsorglich um mich gekÃ¼mmert. Ich kann diese Klinik nur weiter empfehlen. Evtll. steht bei mir bald eine Tennisarm OP an, dann werde ich diese auch dort vornehmen lassen. Alles in Einem: Sowohl das Gesamte Klinikpersonal, wie auch die Verpflegung, das Essen und die RÃ¤umlichkeiten haben bei mir einen sehr guten Eindruck hinterlassen. Daher volle 5 Sterne!!!""";
"Herzogin Elisabeth Hospital,2, 5Â Sterne ,vor 7 Jahren,3,""Nach 3 falsch Diagnosen, dort Volltreffer.";
Innenminusk abriss und Innenkreuzband;
Operiert. Narkose Top, OP Top, Saubere;
"Klinik. Essen. Top, Alle Nett(Denkt: Wie man in den Wald ruft,schallt es zurÃ¼ck!). Auf Station sehr gute Badezimmer.Gute Beratung , immer Ansprechbar. Immer wieder!""";
Herzogin Elisabeth Hospital,2, 5Â Sterne ,vor 2 Jahren,3,Eine umfangreiche und stets freundliche Behandlung!;
"Herzogin Elisabeth Hospital,2, 5Â Sterne ,vor 4 Jahren,4,""HEH. Super Erfahrung, im Sommer 2015 hatte ich eine Darm OP, super gelaufen , TOP Arzt sehr Gewissenhaft gearbeitet!!!!!!!!!!";
Im August 2016 Schwanom im re. Knie , sehr gute Vorbereitung und sehr Profisionelle Narkose und OP man fÃ¼hlt sich Sicher augehoben.......auch;
"auf Station immer jemand Ansprechbar.........sehr,sehr zu Empfehlen! :-)""";
Herzogin Elisabeth Hospital,2, 5Â Sterne ,vor 4 Jahren,6,Gute Station.. sehr nett und freundlich.. hilfsbereit und sehr lustig... Immer wieder gerne..;
"Herzogin Elisabeth Hospital,2, 1Â Stern ,vor 4 Jahren,12,""Keine normale Krankenhaus, meine lebensgefÃ¢hrte wurde letzte jahr von Dr. Thorban operiert er konnte vor dem op noch laufen und jetzt ist er im rollstuhl gefangen.  Letzte monat sind wir wieder in den krankenhaus gewesen mein lebensgefÃ¢hrte wurde in station aufgenommen der Dr. Thorban Ä°st dann nicht mehr aufzufinden. Nach bemÃ¼hungen haben DÄ°E pfleger meine lebensgefÃ¢hrten ziemlich gemoppt und wollten ihn sogar mitten in der nacht aus dem krankenhaus werfen. DÄ°E Ã¢rzte wollten ihn nicht mehr er solle gehen haben DÄ°E gesagt mein lebensgefÃ¢hrte hatt darauf gesagt das er ziemliche schmerzen hatt und der arzt hatt nur gelacht und ihm gesagt er sei paÅŸa er konnte laufen aber er will es nicht. Ä°ch glaube DÄ°E sind entweder Razisten oder Ã¢hnliches""";
"Herzogin Elisabeth Hospital,2, 5Â Sterne ,vor 3 Jahren,3,""Sehr gute Ã„rzte, Operateure und freundliches Pflegepersonal.";
"Beide Daumen hoch.""";
"Herzogin Elisabeth Hospital,2, 1Â Stern ,vor 7 Jahren,GefÃ¤llt mir,""Bei mir wurde eine Schlittenprothese eingesetzt und das Tableau zu weit nach vorn eingesetzt,irrsinnge Schmerzen noch nach 7 Monaten,daÃŸ Gelenk muÃŸ ausgetauscht werden.Nichtmal eine Enzschuldigung kam von der Klinik.Pflegepersonal super,aber O.P.daneben,nicht zu empfehlen-""";
"Herzogin Elisabeth Hospital,2, 3Â Sterne ,vor 7 Jahren,3,""Mitte 2013 suchte ich aufgrund eines Knorpelschadens im linken Knie das Herzogin Elisabeth Hospital in Braunschweig auf. Die Erstuntersuchung nahm Herr Dr. Wilhelm vor, der mir bestÃ¤tigte, dass der Knorpelschaden zwar nicht groÃŸ, aber wohl auch nur durch eine OP zu beheben sei. Wir setzten einen OP-Termin fÃ¼r Anfang September an.";
;
Wenige Tage vor der OP musste ich das HEH erneut aufsuchen, um mich von der NarkoseÃ¤rztin Ã¼ber FormalitÃ¤ten und Risiken aufklÃ¤ren zu lassen. Ãœberraschenderweise wurde ich auch erneut untersucht. Ein Herr Dr. Schwerdtfeger sah sich mein Knie und die erst kÃ¼rzlich angefertigen RÃ¶ntgen- sowie MRT-Bilder abermals an und teilte mir mit, dass er gar wisse, was ich hier wolle. Er kÃ¶nne da nichts sehen.;
Zwischendurch klingelte sein Handy, er fÃ¼hrte in abfÃ¤lliger Wortwahl ein Telefonat mit seinem GesprÃ¤chspartner, kehrte dann zu meinen Belangen zurÃ¼ck. Dabei schien er wenig an meiner Person interessiert zu sein. Ich berichtete daraufhin von meinen Schmerzen bzw. den stark hÃ¶rbaren KnackgerÃ¤uschen, die bei jeder Beugung auftraten. Sein abfÃ¤lliger Kommentar: seine Knie wÃ¼rden auch knacken.;
"Daraufhin fragte ich, was er mit seinen Ã„uÃŸerungen meine und ob er mir von der OP abraten wÃ¼rde. Das verneinte er. Die OP sei nun angesetzt und dann wird sie auch durchgezogen. Auch wenn er nicht wisse, was das solle: """"Ihnen muss klar sein, dass wir mÃ¶glicherweise aufmachen und nichts finden und dann einfach wieder zumachen. Dann bekommen Sie im schlimmsten Fall ne EntzÃ¼ndung, verklagen die Klinik, es geht vor Gericht und dann guckt mal einer richtig nach und fragt warum wir sie Ã¼berhaupt operiert haben."""" Ich war sprachlos. Daraufhin Herr Dr. Schwerdtfeger: """"Oder aber wir mÃ¼ssen doch an den Knorpel ran. Dann dÃ¼rfen Sie im Anschluss das Knie 6 bis 8 Wochen Ã¼berhaupt nicht belasten. Dass mÃ¼ssen Sie sich Ã¼berlegen.""""";
;
VÃ¶llig verunsichert verlieÃŸ ich den Untersuchungsraum. Wie kann man nur einer Patientin kurz vor einer anstehenden OP so widersprÃ¼chliche MÃ¶glichkeiten des Behandlungsverlaufs aufzeigen und dabei ganz offensichtlich die Kompetenz von Herrn Dr. Wilhelm und seine EinschÃ¤tzung des Sachverhaltes infrage stellen?;
;
Ich entschied mich dennoch fÃ¼r die OP. Meiner Meinung nach war sie die einzige Option auf Beschwerdefreiheit. AuÃŸerdem war mir Dr. Wilhelms Diagnose wichtiger als das unprofessionelle Gelaber seines Kollegen Schwerdtfeger.;
;
Die OP verlief problemlos â€“ wenn auch leider nicht erfolgreich. Der Knorpel wurde geglÃ¤ttet und freie Knorpelteile sowie bereits entstandene Verwachsungen aus dem Knie entfernt. Dennoch bin ich nicht beschwerdefrei. Eine Verbesserung ist leider kaum spÃ¼rbar.;
"Die Betreuung im ambulanten Operationszentrum der HEH war jedoch vorbildlich und ist lobend hervorzuheben. Schade, dass sich in einer so guten Klinik ein Arzt auf Kosten und zu Lasten der Patienten auf diese Art und Weise profiliert.""";
Herzogin Elisabeth Hospital,2, 5Â Sterne ,vor einem Jahr,3,Kompetentes Ã„rzteteam und aufmerksame Schwestern und Pfleger.;
Herzogin Elisabeth Hospital,2, 5Â Sterne ,vor 3 Jahren,2,Bin bei Pr Heller alles Top;
Herzogin Elisabeth Hospital,2, 5Â Sterne ,vor einem Jahr,1,Top Arbeitgeber !;
"Herzogin Elisabeth Hospital,2, 5Â Sterne ,vor 3 Jahren,3,""Einfach toll.";
"Vielen Dank .""";
Herzogin Elisabeth Hospital,2, 5Â Sterne ,vor 4 Jahren,3,Super Betreuung vom Anfang bis zur EntlassungğŸ˜‰;
Herzogin Elisabeth Hospital,2, 5Â Sterne ,vor 3 Jahren,3,Alles Top;
"Herzogin Elisabeth Hospital,2, 5Â Sterne ,vor 3 Jahren,3,""Freundliches Personal, moderne Technik im Zimmer""";
Herzogin Elisabeth Hospital,2, 5Â Sterne ,vor 4 Jahren,3,Behandlung und so weiter;
"Herzogin Elisabeth Hospital,2, 1Â Stern ,vor 17 Stunden,GefÃ¤llt mir,""Ich war heute Abend 21:30 in der Notaufnahme mit starken schmerzen (Fraktur schienbein&wadenbein) die haben mich weg geschickt mit der Aussage ich solle doch bitte in ein anderes kh in die Notaufnahme fahren ...oder morgen (montag) anrufen um mir einen termin in der Sprechstunde geben zu lassen ...";
"Man wird da nicht ernst genommen ...es wird nicht auf die Patienten eingegangen ..also wirklich traurig fÃ¼r eine Klinik die auf sowas spezialisiert sein soll ...""";
"Herzogin Elisabeth Hospital,2, 5Â Sterne ,vor 6 Monaten,1,""(Ãœbersetzt von Google) GroÃŸe Sorgfalt und ich danke Ihnen von ganzem Herzen fÃ¼r die Ãœbersetzung. Alles ist groÃŸartig ğŸ‘Œ â¤ï¸";
;
(Original);
"Super opieka i DziÄ™kujÄ™ z caÅ‚ego serca PaniÄ… za tÅ‚umaczenie. Wszystko super ğŸ‘Œ â¤ï¸""";
"Herzogin Elisabeth Hospital,2, 5Â Sterne ,vor 3 Jahren,1,""(Ãœbersetzt von Google) Sehr schÃ¶n";
;
(Original);
"ráº¥t hay""";
Herzogin Elisabeth Hospital,2, 1Â Stern ,vor 3 Jahren,0,;
Herzogin Elisabeth Hospital,2, 5Â Sterne ,vor 3 Jahren,0,;
Herzogin Elisabeth Hospital,2, 5Â Sterne ,vor 6 Monaten,0,;
Herzogin Elisabeth Hospital,2, 5Â Sterne ,vor 5 Monaten,0,;
Herzogin Elisabeth Hospital,2, 5Â Sterne ,vor einem Jahr,0,;
Herzogin Elisabeth Hospital,2, 5Â Sterne ,vor 4 Jahren,0,;
Herzogin Elisabeth Hospital,2, 5Â Sterne ,vor einem Jahr,0,;
Herzogin Elisabeth Hospital,2, 5Â Sterne ,vor einem Jahr,0,;
Herzogin Elisabeth Hospital,2, 3Â Sterne ,vor einem Jahr,0,;
Herzogin Elisabeth Hospital,2, 5Â Sterne ,vor 4 Jahren,0,;
Herzogin Elisabeth Hospital,2, 1Â Stern ,vor 2 Jahren,0,;
Herzogin Elisabeth Hospital,2, 5Â Sterne ,vor 3 Jahren,0,;
Herzogin Elisabeth Hospital,2, 5Â Sterne ,vor 2 Jahren,0,;
Herzogin Elisabeth Hospital,2, 5Â Sterne ,vor 2 Jahren,0,;
Herzogin Elisabeth Hospital,2, 5Â Sterne ,vor einem Jahr,0,;
Herzogin Elisabeth Hospital,2, 5Â Sterne ,vor 3 Tagen,0,;
Herzogin Elisabeth Hospital,2, 1Â Stern ,vor 4 Jahren,0,;
Herzogin Elisabeth Hospital,2, 4Â Sterne ,vor einem Jahr,0,;
Herzogin Elisabeth Hospital,2, 5Â Sterne ,vor 3 Jahren,0,;
Herzogin Elisabeth Hospital,2, 5Â Sterne ,vor einem Jahr,0,;
Herzogin Elisabeth Hospital,2, 5Â Sterne ,vor einem Jahr,0,;
Herzogin Elisabeth Hospital,2, 5Â Sterne ,vor 3 Jahren,0,;
Herzogin Elisabeth Hospital,2, 1Â Stern ,vor 5 Monaten,0,;
Herzogin Elisabeth Hospital,2, 5Â Sterne ,vor einem Jahr,0,;
Herzogin Elisabeth Hospital,2, 5Â Sterne ,vor 4 Jahren,0,;
Herzogin Elisabeth Hospital,2, 5Â Sterne ,vor 2 Jahren,0,;
Herzogin Elisabeth Hospital,2, 1Â Stern ,vor 4 Jahren,0,;
Herzogin Elisabeth Hospital,2, 1Â Stern ,vor einem Jahr,0,;
Herzogin Elisabeth Hospital,2, 5Â Sterne ,vor 3 Jahren,0,;
Herzogin Elisabeth Hospital,2, 5Â Sterne ,vor 3 Jahren,0,;
Herzogin Elisabeth Hospital,2, 3Â Sterne ,vor 3 Jahren,0,;
Herzogin Elisabeth Hospital,2, 4Â Sterne ,vor einem Jahr,0,;
Herzogin Elisabeth Hospital,2, 5Â Sterne ,vor 2 Jahren,0,;
Herzogin Elisabeth Hospital,2, 5Â Sterne ,vor einem Jahr,0,;
Herzogin Elisabeth Hospital,2, 5Â Sterne ,vor 3 Jahren,0,;
Herzogin Elisabeth Hospital,2, 5Â Sterne ,vor 6 Monaten,0,;
Herzogin Elisabeth Hospital,2, 5Â Sterne ,vor einem Jahr,0,;
Herzogin Elisabeth Hospital,2, 4Â Sterne ,vor 9 Monaten,0,;
Herzogin Elisabeth Hospital,2, 5Â Sterne ,vor einem Jahr,0,;
Herzogin Elisabeth Hospital,2, 5Â Sterne ,vor 9 Monaten,0,;
