"Herzogin Elisabeth Hospital,2, 5Â Sterne ,vor 5 Tagen,GefÃ¤llt mir,""Lungenembolie!";;
Ein Tag ITS, phantastische FÃ¼rsorge und Betreuung.;;
"Vier Tage Station E. Tolle Schwestern und Pfleger, die alles in ihrer Macht (und Kraft) stehende getan haben.""";;
"Herzogin Elisabeth Hospital,2, 4Â Sterne ,vor einem Jahr,1,""Tolles Krankenhaus,  trotzdem bin ich lieber gesund. War auch nur zu Besuch hier, kann die Ã„rzte usw. nicht beurteilen""";;
"Herzogin Elisabeth Hospital,2, 5Â Sterne ,vor einer Woche,GefÃ¤llt mir,""TOP-Hospital .. . TOP-Ã„rzte ... TOP-Personal :";;
"Der Ã„rztin Frau Dr. Musiot und dem Arzt Herr Dr. Wanschura sei herzlich an dieser Stelle gedankt. Ebenso dem medizinischen Personal auf der Station E im Erdgeschoss. Mit Kompetenz, Einsatz und medizinischem Know-How haben Sie das Leben meiner Mutter gerettet. Mehr ist dem - glaube ich - nicht hinzuzufÃ¼gen, auÃŸer:  Ich danke Ihnen von Herzen !""";;
"Herzogin Elisabeth Hospital,2, 5Â Sterne ,vor 3 Wochen,GefÃ¤llt mir,""Es war alles im Vorfeld super organisiert und wurde dementsprechend gut umgesetzt. Ich kann es mir vom Ablauf und der Unterbringung in einem Krankenhaus nicht besser vorstellen. Von den Ã„rzten, Ã¼ber die Pfleger/Schwestern bis zur Reinigungskraft kommt eine durchweg gute, freundliche und tolle Stimmung/AtmosphÃ¤re rÃ¼ber. So sollte das sein, wobei der Alltag sicherlich alles andere als Entspannt und ruhig ist! Die Zimmer, das Essen, Technik, Service etc. alles einfach top und zeitgemÃ¤ÃŸ. Ich fÃ¼hlte mich zu jeder Zeit sicher und geborgen! HEH wirklich stark!""";;
Herzogin Elisabeth Hospital,2, 5Â Sterne ,vor 2 Jahren,4,Alles sehr gut. Volle Punktzahl!;;
"Herzogin Elisabeth Hospital,2, 5Â Sterne ,vor 3 Wochen,GefÃ¤llt mir,""Sehr schÃ¶nes Krankenhaus, kann man jedem empfehlen.""";;
"Herzogin Elisabeth Hospital,2, 1Â Stern ,vor einem Monat,1,""Die Notaufnahme ist ein Witz. Patienten werden vergessen die werden erst garnicht aufgenommen (weil es wÃ¤hrend eines schicht wechsel war). Die Pflegerin und die pfleger sichtlich genervt und unfreundlich. Meine Tochter mit 1,5 Jahren mit Schmerzen 3 stunden warten lassen obwohl nur 2 weitere Patienten da waren. Und dann wurde gesagt das es noch sehr lange dauert ob ich am nÃ¤chsten Tag wieder kommen kÃ¶nnte einfach nur unverschÃ¤mt ( von einem pfleger).""";;
"Herzogin Elisabeth Hospital,2, 5Â Sterne ,vor 6 Monaten,1,""Vielen Dank fÃ¼r die gute Betreuung auf der Intensivstation. Sehr nettes Pflegepersonal,und ein sehr gutes Ã„rzte Team. Habe ende August nach einer Ambulanten Operation eine Nacht in der HEH- Klinik auf der Intensivstation Verbracht. Es gab Komplikationen nach der Vollnarkose. Am nÃ¤chsten Morgen durfte ich wieder nachhause. Der einzige Nachteil war das, jeder neue Patient auf Covid19 getestet wird. Trotzdem waren alle sehr Hilfsbereit.""";;
"Herzogin Elisabeth Hospital,2, 5Â Sterne ,vor 2 Monaten,1,""Mein Arzt empfahl mir eine Einweisung ins Krankenhaus. Da ich sehr schlechte Erfahrungen mit Aufnahmen in KrankenhÃ¤usern abe, empfahl er mir, ins HEH zu gehen.";;
;;
TatsÃ¤chlich war die Notaufnahme sehr freundlich und dennoch professionel. Ich wurde dann auf die Station E aufgenommen. Schwestern, Ã„rztinnen und alle anderen Angestellte waren sehr freundlich. Es erfolgten zwei Untersuchungen, und auch hier war das Vorgehen einfÃ¼hlsam und doch professionell.;;
;;
Bei Untersuchungen gibt es kein stundenlanges warten auf dem Flur, sondern man wird zu der Untersuchung gebracht, wenn sie auch tatsÃ¤chlich stattfindet. Man wird Ã¼ber alle Ergebnisse relativ zeitnah informiert.;;
;;
Essen ist aus meiner Sicht sehr gut. Man wird interviewt und hat sehr viel Einfluss auf das, was auf dem Tablett ankommt.;;
;;
"Aus meiner Sicht: ein sehr gutes Klinikum, in dem ich mich ernst genommen, freundlich behandelt und insgesamt gut aufgehoben gefÃ¼hlt habe.""";;
"Herzogin Elisabeth Hospital,2, 5Â Sterne ,vor 8 Monaten,1,""Ich habe mich in diesem Krankenhaus sehr gut aufgehoben gefÃ¼hlt . Alle Mitarbeiter waren sehr freundlich und zuvorkommend,  trotz der augenblicklichen Situation.  Die Ã„rztinnen , die mich behandelt haben,  waren beide Ã¤uÃŸerst kompetent und zugewandt . Ich kann nur jedem dieses Krankenhaus empfehlen.""";;
"Herzogin Elisabeth Hospital,2, 1Â Stern ,vor 4 Monaten,4,""Leider kann man keine 0 Sterne geben.";;
War am 15.11.20 Nachmittags in der Notaufnahme gewesen, weil ich starke Schmerzen hatte. Lieben GruÃŸ an den Arzt in der Notaufnahme, man kann auch mit 36Jahren ostechondrose und weitere Erkrankungen an der HWS haben. Wurden durch ein MRT bestÃ¤tigt.;;
;;
Vielen Dank fÃ¼r nichts;;
"Magdalena Jordan""";;
"Herzogin Elisabeth Hospital,2, 5Â Sterne ,vor 5 Monaten,GefÃ¤llt mir,""zÃ¼gige, professionelle Untersuchung und Diagnose in der Notaufnahme - danke schÃ¶n!""";;
"Herzogin Elisabeth Hospital,2, 1Â Stern ,vor 4 Monaten,GefÃ¤llt mir,""Meine Tante wurde dort operiert. Neue HÃ¼fte. Sie war sehr traurig Ã¼ber das Verhalten der Schwestern und ihrem Arzt,da sie sich nicht ernst genommen gefÃ¼hlt hatte. Sie wurde auch mit starken Schmerzen entlassen, und durch ihre Vergangenheit, denn dies war schon ihre 4. HÃ¼ft - OP, wollte sie auch nur noch nach Hause. Ich dachte auf Grund des relativ guten Rufes wÃ¤re es nur eine Ausnahme, habe mich allerdings getÃ¤uscht! Mein Sohn hatte eine Kreuzband- und Miniskus OP, und wurde gleich nach der OP mit den Worten von einer Schwester abgespeist : 'Sie hatten eine Operation, das tut halt weh.' und so etwas war leider kein Einzelfall! Nach nur einer Nacht wurde er auch wieder entlassen. Sein OrthopÃ¤de war sprachlos darÃ¼ber! Auch unsere HausÃ¤rztin. Wirklich traurig, das ein Unternehmen, was fÃ¼r den Menschen da sein sollte, diese nicht ernst nimmt, und nur an den Profit denkt! An den Operationen verdienen, aber die Nachsorge vernachlÃ¤ssigen!""";;
"Herzogin Elisabeth Hospital,2, 1Â Stern ,vor 4 Monaten,GefÃ¤llt mir,""MissglÃ¼ckte HÃ¼ft-Tep.";;
"Ein Stern fÃ¼r die gute Organisation und die netten Mitarbeiter. Das Ergebnis der OP war leider mangelhaft. Nach neun schmerzhaften Monaten und fehlender Belastbarkeit des Beins, habe ich, in Ermangelung eines sinnvollen Konzeptes im HEH, eine Revision durch einen sehr erfahrenen Operateur in einer anderen Klinik durchfÃ¼hren lassen. Jetzt ist die HÃ¼fte wieder schmerzfrei benutzbar, ob sich die restlichen SchÃ¤den durch die Erst-OP zurÃ¼ckentwickeln ist jedoch fraglich. Ich war zum Zeitpunkt der OP erst 50 Jahre alt, sportlich aktiv, voll im Berufsleben  und habe alle Empfehlungen des HEH eingehalten.""";;
Herzogin Elisabeth Hospital,2, 5Â Sterne ,vor 8 Monaten,1,Die Ã„rzte sind sehr gut die Schwestern sind immer freundlich. Das essen ist klasse weil es im Haus zubereitet wird . Ich wÃ¼rde jeden das Haus empfehlen.;;
"Herzogin Elisabeth Hospital,2, 5Â Sterne ,vor 7 Monaten,2,""Hallo";;
Ich habe am 26.6.20 eine Schlittenprothese , im linken Knie, durch Frau Dr. Michalek erhalten. Es ist alles wunderbar , auch ohne Reha,verlaufen . Nach 2 Wochen war wieder eine gute LebensqualitÃ¤t erreicht . Ich kann dieses  Krankenhaus jedem , zumal der ganze Behandlungsablauf sehr gewissenhaft  durchgefÃ¼hrt wurde, nur empfehlen!!;;
"Nicht zu vergessen die Schwestern und das andere Personal .Danke.""";;
"Herzogin Elisabeth Hospital,2, 1Â Stern ,vor 8 Monaten,6,""Meine Mutter saÃŸ mit einem dreifachen Bandscheibenvorfall in der Notaufnahme aufgrund von starken Schmerzen und musste sechs Stunden warten. Es durfte keiner zu ihr und sie hatte die ganze Zeit nichts zu essen oder zu trinken. Dann hatte sie auch noch die starken Schmerzen am RÃ¼cken und diese sechs Stunden sitzen waren die HÃ¶lle fÃ¼r sie. SchlieÃŸlich ist sie dann trotz der Schmerzen ohne Behandlung gegangen, weil sie ohne Verpflegung und mit Maske SchwindelanfÃ¤lle bekam. Das Personal war sehr unprofessionell und unfreundlich. Einfach nur enttÃ¤uscht wie man mit Menschen umgeht denen es sehr schlecht geht.""";;
"Herzogin Elisabeth Hospital,2, 2Â Sterne ,vor 10 Monaten,GefÃ¤llt mir,""Auf mich macht das Krankenhaus einen ziemlich veralteten Eindruck. Zimmer ungemÃ¼tlich und klein, Bettenanordnung schlecht, nebeneinander anstatt schrÃ¤g gegenÃ¼ber, nur ein Fernseher fÃ¼r zwei Patienten. Badezimmer zwar groÃŸ und behindertengerecht, aber fÃ¼r meinen Geschmack nicht sauber genug, gerade im Krankenhaus sollte darauf doch besonderen Wert gelegt werden. Schwestern und zustÃ¤ndiges Ã„rzteteam sehr nett und bemÃ¼ht. Das andere Personal zum Teil unmÃ¶glich, stÃ¼rzen ins Zimmer ohne zu klopfen, unhÃ¶flich und pampig. Wenn man auf den Fluren grÃ¼ÃŸt, wird man mit groÃŸen Augen angeschaut, ist dort wohl nicht Ã¼blich... Leider hab ich mir auch mehr von der Behandlung versprochen, aber ich denke das ist individuell zu sehen.""";;
"Herzogin Elisabeth Hospital,2, 4Â Sterne ,vor 7 Monaten,1,""Es ist auch nicht so ein steriles GefÃ¼hl fÃ¼r den Besucher, oder auch Patienten zu erfÃ¼hlen - WIE es jetzt bei anderen KH's raus zu fÃ¼hlen ist und man fÃ¼hlt sich ja auch gleich mal - mit einer gewissenhaften - aber trotzdem sehr menschlichen WÃ¤rme in diesem KH """"angenommen""""â£ğŸ‘, dass ist ja auch noch ein wichtiger + AUCH gelebter Bestandteil der ganzen Klinik und WIRD auf den Stationen, bzw. Ambulanz(en) fortgesetzt wirdâ— Kann mich freuen, dass WENN ich auch schon mal wieder einen KH-Aufendhalt Ã¼ber MICH ergehen lassen muÃŸte, HIER immer medizinisch GUT und freundlich behandelt werde, was ICH ja auch - ZUR schnellen Gesundung - brauche, SEHR zufrieden UND auch gerne mal kurz anzumerken habe. Spielt eine wichtige Rolle ..., ciao ciao vom Franco.ğŸ˜â£ Und ein SEHR dankbares ğŸ‘‹ AN die GANZE """"Familie""""(Mitarbeiter/Ã„rzte) der Klinik """"HeH Meverode""""â£ğŸ‘""";;
"Herzogin Elisabeth Hospital,2, 5Â Sterne ,vor einem Jahr,3,""Meine Mama, 84 Jahre, wird erst nÃ¤chste Woche operiert. Sie bekommt ein neues Knie Gelenk.";;
Wir wurden so umfassend beraten, sowohl beim Patientenseminar als auch bei der vorstationÃ¤ren Aufnahme, da kann man nur fÃ¼nf Sterne vergeben.;;
"Es ist alles super organisiert und man fÃ¼hlt sich vorab gut aufgehoben. Hoffentlich verlÃ¤uft die OP auch so gut.""";;
"Herzogin Elisabeth Hospital,2, 5Â Sterne ,vor 8 Monaten,7,""Wie steigert man Dankbarkeit????";;
Ich bekam eine Darmkrebsdiagnose und wurde nicht wirklich von meinem Internisten gut begleitet  - durch ein groÃŸes GlÃ¼ck und Zufall kam ich ins HEH - wo sehr gute Energie  - viele unzÃ¤hlige helfende HÃ¤nde und unglaubliche Ã„rzte , die ich so noch nie erlebt habe  - ein Zusammspiel ergaben, wo ich sanft aufgefangen wurde  -;;
Ich wurde erfolgreich operiert und der Krebs entferntğŸ’šğŸ’šğŸ’š;;
"Dass ich mich so schnell erholt habe - lag u.a. am HEH - dafÃ¼r kann ich heute nur 1000 Dank sagen - bleibt alle gesund und munter ğŸ¤©""";;
Herzogin Elisabeth Hospital,2, 5Â Sterne ,vor einem Jahr,2,Es ist alles sehr Sauber und gepflegt ! Die Stationen sind sehr gut ausgeschildert ! Dadurch lÃ¤st sich alles sehr leicht finden ! Die Schwestern sind sehr kompetent  freundlich und hilfsbereit  !  Eine gute Kantine gibt es auch noch im Erdgeschoss  ! Es gibt verschiedene Sorten FrÃ¼hstÃ¼ck; Mittag essen; Kaffee und Kuchen  ! Es ist alles sehr Sauber und lecker !
"Herzogin Elisabeth Hospital,2, 5Â Sterne ,vor einem Jahr,4,""Nach einem Fahrradsturz hatte ich eine Verletzung an der Schulter, die operiert werden musste. In der Notaufnahme, beim RÃ¶ntgen, bei der voroperativen Aufnahme, bei der Narkose und auf der Station wÃ¤ren durchweg alle Mitarbeiter sehr freundlich und sehr engagiert. Die Leistung der Ã„rzte ist hervorragend und nicht umsonst bundesweit geschÃ¤tzt.";;
"Das Essen und der weitere Service waren auch super. Wenn man schon ins Krankenhaus muss, dann doch gerne ins HEH. Herzlichen Dank an alle Mitarbeiter!""";;
"Herzogin Elisabeth Hospital,2, 5Â Sterne ,vor einem Jahr,1,""Wir hatten natÃ¼rlich GlÃ¼ck, da trotz Feiertags nichts los war. Dennoch muss ich sagen, dass uns in der Notaufnahme hier extrem freundlich geholfen wurden. Einfach sehr menschlich!""";;
"Herzogin Elisabeth Hospital,2, 5Â Sterne ,vor einem Jahr,4,""Es war mein erster lÃ¤ngerer Aufenthalt in einem Krankenhaus.";;
Das Personal von den PflegekrÃ¤ften bis zu den Ã„rzten super! SchÃ¶ne Zimmer, gute Cafeteria und ein schÃ¶nes GelÃ¤nde um das Krankenhaus. Das Essen ist abwechslungsreich und man kann (wenn man darf) tÃ¤glich variieren.;;
"NatÃ¼rlich ist es in einem Krankenhaus teilweise stressig, das darf man nicht als Kritikpunkt sehen. Genau wie die Notaufnahme. Wenn man mit Beschwerden kommt welche auch ein â€normalerâ€œ Arzt behandeln kann, ist die Wartezeit natÃ¼rlich normal. Es geht nach Schweregrad nicht nach Reihenfolge.""";;
Herzogin Elisabeth Hospital,2, 5Â Sterne ,vor einem Jahr,GefÃ¤llt mir,Sehr nettes Personal wurde mehrfach hier operiert immer ohne Probleme und vor alles immer alles Top danach gewesen.;;
"Herzogin Elisabeth Hospital,2, 5Â Sterne ,vor einem Jahr,1,""Meine Mutter wurde hier operiert, der Arzt rief mich nach der OP an um mich zu informieren das alles gut geklappt hat. Das Pflegepersonal ist hervorragend, super nett und hilfsbereit. So liebevoll wie man hier behandelt wird das kann man kaum glauben. 100%ige Empfehlung!!!""";;
"Herzogin Elisabeth Hospital,2, 1Â Stern ,vor einem Jahr,2,""Operation von meinem Mann, vier mal verschoben, vier mal umsonst Urlaub genommen.... jetzt wieder, weil ein GesprÃ¤ch plÃ¶tzlich zu alt ist. Dabei war es letzten Freitag noch ausreichend. ğŸ˜ˆğŸ˜ˆğŸ˜ˆ""";;
Herzogin Elisabeth Hospital,2, 5Â Sterne ,vor 6 Monaten,1,Bin sehr zu Frieden vielen Dank;;
"Herzogin Elisabeth Hospital,2, 5Â Sterne ,vor einem Jahr,2,""Sehr nett, geringe Wartezeit und kompetenter Arzt. Beste KH weit und breit.""";;
"Herzogin Elisabeth Hospital,2, 5Â Sterne ,vor einem Jahr,1,""Gute Beratung, Personal nimmt sich Zeit und wirkt professionell!""";;
"Herzogin Elisabeth Hospital,2, 5Â Sterne ,vor einem Jahr,2,""ğŸ‡©ğŸ‡ªğŸ¥ğŸ‘ğŸ˜„ğŸ‘ Sehr gutes, gepflegtes Krankenhaus mit klasse Ã„rzten und Krankenschwestern und Pflegern sowie Physiotherapeuten. ğŸ¥ğŸ‘ğŸ‘ğŸ˜„""";;
"Herzogin Elisabeth Hospital,2, 5Â Sterne ,vor einem Jahr,1,""Die Aufenthaltszeit war super, vielen Dank an das tolle Team!""";;
"Herzogin Elisabeth Hospital,2, 5Â Sterne ,vor einem Jahr,2,""Beste Krankenhaus und Personal.Mein Vater war letztes Jahr mal dort wegen LUFTNOT,er wurde gut versorgt und wieder Aufgebaut.Der Chefarzt  Dr.Linder ist super Menschlich und eine wie Du und Ich.Danke fÃ¼r die gute Versorgung auch an die Ã„rztinen,nur ein Stationsarzt war sehr Arogant und Unfreundlich,Empathie  gleich Null.Aber man muÃŸ sich ja nichts gefallen lassen.";;
"Wenn ich kann ,dann nur da hinğŸ˜ƒğŸ‘""";;
"Herzogin Elisabeth Hospital,2, 5Â Sterne ,vor 2 Jahren,2,""Mein Zimmer auf der Station 6 war schÃ¶n, es gab ausreichend Personal. Die FachkrÃ¤fte gaben sich die Klinke in die Hand. Alle waren sehr nett und ich habe mich bei Professor Heller sehr gut aufgehoben gefÃ¼hlt. Auch das Essen verdient Lob. Vielen Dank.""";;
Herzogin Elisabeth Hospital,2, 5Â Sterne ,vor einem Jahr,1,Super Krankenhaus. Alles Top. Vielen Dankâ¤ï¸;;
"Herzogin Elisabeth Hospital,2, 3Â Sterne ,vor einem Jahr,GefÃ¤llt mir,""Fehlende Kommunikation zwischen Ã„rzten, Pflegern und Patienten. Allerdings sind die Pfleger sehr Nett gewesen und die Zimmer waren auch vernÃ¼nftig.""";;
"Herzogin Elisabeth Hospital,2, 5Â Sterne ,vor einem Jahr,3,""Nach einem Ã„rzte Pfusch in Salzgitter Helios bin ich sofort in das HEH Krankenhaus in Braunschweig und berreue es auch keine Sekunde. Die Klinik ist super ! Das Personal, die Ã„rzte einfach alle und alles war super.";;
"Ein groÃŸes DankeschÃ¶n geht an Dr. Teschke und Dr. Nerreter. Von Anfang an wusste Dr. Teschke sofort wie man meine BauchspeicheldrÃ¼senentzÃ¼ndung sofort am besten behandelt. Zudem musste ich mit den Schmerzen nicht mal in der Notaufnahme warten und wurde von Anfang an sehr ernst genommen. Und Dr. Nerreter hat meinen ERCP Eingriff gemacht und muss wirklich gestehen das ich mich schon von Anfang an einfach in besten HÃ¤nden gefÃ¼hlt habe. Selbst danach haben die Ã„rzte immer ganz lieb nach einem gefragt. Zudem waren alle Schwestern auf der Intensivstation sowie auch auf der normalen Station super lieb. Ich danke euch allen fÃ¼r die Geduld und die tolle Arbeit die ihr jeden Tag leisten mÃ¼sst. Ich kann die Klinik jedem weiterempfehlenâ¤ï¸ğŸ’ªğŸ¼""";;
Herzogin Elisabeth Hospital,2, 5Â Sterne ,vor 2 Jahren,2,Ein groÃŸes Lob an die Ã„rzte und Schwestern der Medizinischen Klinik um Dr. Lindner und den tollen Schwestern! Sie haben meine Mutter von der Aufnahme bis zur Verlegung in eine andere Klinik fantastisch begleitet und ihr die Angst vor dem Eingriff genommen. Sie fÃ¼hlte sich gut bei Ihnen aufgehoben - vielen Dank dafÃ¼r!  5 von 5 Sternen von uns! Da kÃ¶nnen sich viele andere Kliniken aus dieser Stadt eine Scheibe abschneiden!;;
"Herzogin Elisabeth Hospital,2, 1Â Stern ,vor einem Jahr,2,""Notaufnahme saumÃ¤ssig, trotz starker Schmerzen und fast leerem Wartezimmer stundenlanges warten. Absolut nicht empfehlenswert""";;
"Herzogin Elisabeth Hospital,2, 5Â Sterne ,vor einem Jahr,1,""Sehr nettes Personal in der Notaufnahme. Wenn man mal lÃ¤nger warten muss dann liegt es daran das dringende NotfÃ¤lle vorgezogen werden, und da sollte man ja wohl VerstÃ¤ndnis fÃ¼r haben und nicht das Personal beschimpfen.""";;
"Herzogin Elisabeth Hospital,2, 5Â Sterne ,vor 2 Jahren,5,""Diese Klinik ist das Beste, was es im weiten Umkreis gibt! Ã„rztliche Versorgung und Pflege sind optimal, Ausstattung und OP-Techniken hochmodern. AuÃŸerdem sind hier alle so freundlich und menschlich, dass man auch Lebenskrisen bewÃ¤ltigen kann.";;
"Von dieser Klinik kÃ¶nnen die meisten anderen noch viel lernen!""";;
"Herzogin Elisabeth Hospital,2, 1Â Stern ,vor einem Jahr,3,""Mitarbeiter beachten einen gar nicht, wenn man da sitzt und die ganze zeit schmerzen hat werden andere Personen trotzdem vorgezogen. Inkompetentestes Krankenhaus in dem ich je war!!! Ich nie wieder""";;
"Herzogin Elisabeth Hospital,2, 5Â Sterne ,vor einem Jahr,2,""Morgen geht es Richtung Heimat. Ich Blicke auf 5 Tage zurÃ¼ck in ne eine letzte Nacht erwartet mich noch. Das Krankenhaus bietet ein sehr angenehmes Ambiente, Top Ã„rzte und ein spitzenmÃ¤ssiges Pflegeteam auf Station 2. Es wird sich gekÃ¼mmert und das nicht nur oberflÃ¤chlich. Als Schmerzpatient kommt man sich gut aufgehoben vor. Hier fÃ¼hlt man sich wohl und nicht abgestellt wie in einem kommerzialisierten Bettenbunker. Die Effizienz und Sorgfalt leidet nicht unter diesem tollen Umfeld. Wenn ich wieder in ein KH muss, dann bitte hierher!""";;
"Herzogin Elisabeth Hospital,2, 5Â Sterne ,vor 2 Jahren,3,""Ich habe mich noch nie so umsorgt und verstanden gefÃ¼hlt wie hier. Bin in die Notaufnahme mit Einweisung und hatte nicht dran geglaubt das man mir endlich hilft.  Total freundliches Personal, natÃ¼rlich dauerte alles etwas aber es ist eine Notaufnahme """"an alle anderen Patienten """" habt doch ein bisschen mehr Geduld.";;
Ich glaube Manuela und Dennis haben mich aufgenommen da kann man nur 5 Sterne geben. Nett , humorvoll und sehr sympathisch.;;
Jetzt werde ich hier auf den Kopf gestellt und habe bisher nicht eine schlecht gelaunte oder Wort karge Person getroffen . Auch die Ã„rzte alle ein lÃ¤cheln suf den Lippen habe so etwas noch nicht erlebt ,Danke.;;
"Station E""";;
"Herzogin Elisabeth Hospital,2, 1Â Stern ,vor 2 Jahren,8,""Bin mit Atemnot dort gewesen, mir wurde gesagt das es ein physisches Problem sei, auÃŸerdem hat sich die Ã„rztin darÃ¼ber aufgeregt das ich gar nicht dort sein dÃ¼rfte.";;
Mittlerweile wurde ich operiert an der Nase, hÃ¤tte mir jemand damals im Krankenhaus geholfen, hÃ¤tte ich eine Menge Qualen weniger gehabt.;;
"Mittlerweile kriege ich Luft.""";;
"Herzogin Elisabeth Hospital,2, 5Â Sterne ,vor 2 Jahren,3,""Habe im Oktober 2017 Knieprothese bekommen. Sehr gut verlaufen. Personal, Zimmer, Essen sehr gut. Werde gerne wiederkommen (wenn nÃ¶tig)!""";;
"Herzogin Elisabeth Hospital,2, 5Â Sterne ,vor 3 Jahren,7,""Freundliches und kompetentes Personal. Sehr sauberes Krankenhaus, Toiletten sowie Zimmer. Das Essen ist super. Abwicklung und Ablauf von OP super! Es ist halt ein Krankenhaus und kein 5* Urlaubshotel. Kann ich nur weiterempfehlen!""";;
"Herzogin Elisabeth Hospital,2, 5Â Sterne ,vor einem Jahr,2,""Ich habe sehr gute Erfahrungen mit dem HEH gemacht. Sowohl die Betreuung durch die Ã„rzte als auch die pflegerische Betreuung durch die Schwestern ist hervorragend. Die Ã„rzte haben alles verstÃ¤ndlich erklÃ¤rt, die Ã„rzte haben sich ausreichend Zeit genommen, Nachfragen beantwortet. Die Angst vor einer OP wurde einem wunderbar genommen durch sehr einfÃ¼hlsame GesprÃ¤che und Scherze. Essen war auch sehr gut. Rundherum war es eine sehr gute Betreuung.""";;
"Herzogin Elisabeth Hospital,2, 5Â Sterne ,vor einem Jahr,2,""Nettes, kompetentes Ã„rzteteam, Zimmer und Verpflegung sehr gut. Die Schwestern hÃ¶flich und umsichtig. Mir wurde geholfen und wenn ich ins KH muÃŸ, gehe ich mit einem guten GefÃ¼hl ins HEH.""";;
"Herzogin Elisabeth Hospital,2, 5Â Sterne ,vor einem Jahr,2,""Ich wurde in der Notaufnahme aufgenommen, sehr freundliche Ã„rzte dort!!! Das Krankenhaus ist sehr modern, technisch wie auch baulich.meine Tochter wurde hier auch schon letztes Jahr 2x am FuÃŸ operiert (links und rechts), alles gut verlaufen!""";;
Herzogin Elisabeth Hospital,2, 5Â Sterne ,vor 5 Monaten,1,Top Klinikum;;
Herzogin Elisabeth Hospital,2, 5Â Sterne ,vor 2 Jahren,3,Ich lag 10 Wochen im heh und kann sagen das  die Ã„rzte und Schwestern  und alles was da noch dran hing super waren. Es gab Schwestern die ein bisschen kratzbÃ¼rstig waren aber sonst.haben alles getan damit es mir wieder super geht. SchÃ¶nen Dank fÃ¼r alles.  .;;
Herzogin Elisabeth Hospital,2, 5Â Sterne ,vor einem Jahr,2,Eine super tolle Klinik mit tollen Ã„rzten und Ã„rzteninnen und Pflegepersonal .Ich habe mich sehr gut aufgehoben gefÃ¼hlt .Die Sauberkeit ist top und auf WÃ¼nsche wird unheimlich gut eingegangen .Ich war mit starken Hand und Fussgelenkschmerzen hier mit schmerzhaften Wassereinlagerungen .Nur leider sind Autoemunkrankheiten schwer zu greifen .Ich hoffe auf den letzten Tag hier und kann nur sagen top Klinik .Danke an das gesamte Team des HEH Braunschweig;;
"Herzogin Elisabeth Hospital,2, 5Â Sterne ,vor 4 Jahren,3,""Von der Notaufnahme bis zur Entlassung einfach Klasse.";;
Alle Ã„rzte - vom Stationsarzt bis zum Chefarzt - immer gesprÃ¤chsbereit;;
und sehr kompetent .;;
Pflegepersonal immer hilfsbereit und zuvorkommend.;;
Hygiene in allen Bereichen TOP.;;
Pflegezimmer vom Bad bis zum Bett TOP.;;
"Danke an die  """" GrÃ¼nen Damen """" fÃ¼r die Betreuung !!";;
"Wenn man nicht krank wÃ¤re - wie in einem Hotel !!""";;
"Herzogin Elisabeth Hospital,2, 1Â Stern ,vor 2 Jahren,6,""Mir wurden vor kurzem DrÃ¤hte und Schrauben in meinen FuÃŸ operiert, welche nun jedoch extreme Probleme verursachen mit HÃ¶llenschmerzen und mÃ¶glicherweise auch LangzeitschÃ¤den wenn sie nicht schnellstmÃ¶glich wieder heraus genommen werden. In diesem Krankenhaus habe ich versucht das Problem zu schildern, jedoch darf man nicht mal aussprechen sondern wird direkt unterbrochen. Dann bekommt man einen GesprÃ¤chstermin fÃ¼r in 3 Monaten!! Da das noch nicht genug ist, kann man mir dann aber noch keinen op Termin nennen - was mindestens noch mal eine Wartezeit von einem Monat bedeutet. Auch hier wird man frech unterbrochen. Wenn das schon so anfÃ¤ngt, kann man vermutlich nur froh sein, dass man hier nicht operiert wird. Meiner Ansicht nach absolut nicht zu empfehlen wenn man so mit Patienten umgeht.""";;
"Herzogin Elisabeth Hospital,2, 5Â Sterne ,vor einem Jahr,1,""Am 15.11.2018 HÃ¼ft-Tep links erhalten. Hatte 30 Jahre Arthrose bis hin zum Endstadium Cox-Arthrose durch SportverschleiÃŸ. zum Schluss konnte ich so gut wie gar nicht mehr auftreten und habe das Bein nachgezogen. War bei Prof.Dr.med Heller. Alles Top!!! Jetzt habe ich keine Schmerzen mehr und kann so gut wie alles wieder machen.";;
Ein Wahnsinns-GefÃ¼hl. Vielen Dank dafÃ¼r, auch an das ganze Team.;;
P.S. Wer sich fÃ¼r eine OP entscheidet, unbedingt vorher das Patienten-Seminar besuchen. Hier wird man gut auf die OP vorbereitet.;;
"Viele GrÃ¼sse""";;
Herzogin Elisabeth Hospital,2, 1Â Stern ,vor einem Jahr,3,Ãœbelst unfreundliche Ã„rzte und Helfer;;
"Herzogin Elisabeth Hospital,2, 5Â Sterne ,vor einem Jahr,1,""Parkplatz ist nah, das ist gut. Ansonsten standardmÃ¤ÃŸig ausgestattet""";;
Herzogin Elisabeth Hospital,2, 5Â Sterne ,vor 3 Jahren,6,Sehr gute Ã„rzte und PflegekrÃ¤fte. Sauber. Professor Dr. Heller ein Genie in seinem Fach und das gleiche gilt fÃ¼r Dr. Thorban und alle Kollegen. Essen fÃ¼r den Privatpatient ist sehr gut.;;
"Herzogin Elisabeth Hospital,2, 5Â Sterne ,vor 2 Jahren,1,""Ich war wegen Akuten Gallenleiden dort,ich hab mich super aufgehoben gefÃ¼hlt,ganz liebe Krankenschwestern und super Ã„rztetaem,Vielen Lieben Dank""";;
Herzogin Elisabeth Hospital,2, 5Â Sterne ,vor 2 Jahren,2,dieser Klinik kÃ¶nnte man auch 6 Sterne geben super nettes Pflegepersonal und kompetente Therapeuten  gutes Ã„rzte Team in der Rheumatologie Verpflegung gut und reichhaltig;;
"Herzogin Elisabeth Hospital,2, 1Â Stern ,vor 2 Jahren,1,""Ich war dort als ich eingeschrÃ¤nkt Krankenversichert war, keine Luft mehr bekommen ich wurde damit abgewimmelt das es Physisch sei. Erst als ich wieder Krankenversichert war wurde ich in Wolfsburg operiert, womit der Physische Aspekt wegfallen dÃ¼rfte.""";;
"Herzogin Elisabeth Hospital,2, 5Â Sterne ,vor 3 Jahren,5,""Wohlverdiente 5 Sterne fÃ¼r diese Klinik. Ich wÃ¼sste nicht worÃ¼ber man meckern kÃ¶nnte. Freundliches, gut gelauntes Personal, kompetente Ã„rzte, die die Patienten namentlich kannten und auf dem Flur erkannten, gute Betreuung, es wurde auf die WÃ¼nsche der Patienten eingegangen, das Essen hat geschmeckt, alles war sauber...die OP ist gelungen... was wÃ¼nscht man sich mehr? Man brÃ¤uchte mehr von solchen KrankenhÃ¤usern.";;
"Ich bedanke mich fÃ¼r die Ã¼berdurchschnittlich gute Betreuung!""";;
"Herzogin Elisabeth Hospital,2, 5Â Sterne ,vor 4 Jahren,3,""Tolle Klinik, haben alle auch fÃ¼r Ã¤ltere Patienten viel VerstÃ¤ndnis. In der Chirurgie tolle Ã„rzte, fachlich kompetent und menschlich okay. PflegekrÃ¤fte super! Einfach nur empfehlenswert!""";;
"Herzogin Elisabeth Hospital,2, 5Â Sterne ,vor 2 Jahren,2,""Ein Krankenhaus mit Ausstrahlung und sehr sehr fÃ¤higem Personal, egal wo mann hin kommt es ist Personal da die ein empfangen und zu weisen, ich habe mich richtig wohl gefÃ¼lt.";;
Allein auch die Farb gestaltung die ist gut gewÃ¤hlt nicht so kalt und steril WeiÃŸ.;;
Auch die Zimmer, sind zwar spartanisch eingerichtet aber schÃ¶n und wenn mann fragen hat sie werden beandwortet auch wenn es ab und an bischen dauert.;;
Gute und Moderne AusrÃ¼stung vorhanden, ok die Bettenmadratzen kÃ¶nten etwas besser oder dicker sein damit mann etwas bequemer liegt mann mergt die Bettengestelle durch.;;
Ach und die Schwestern und Pfleger sind echt gut ausgebildet sind sorgfÃ¤ltig und sauber bei ihrer Arbeit. Mann wird auch nicht einfach so als Nummer forne rein und hinten raus gschoben, hir wird mann fernÃ¼nftig und auch wirglich als gesund, geheield entlassen. Wenn es mÃ¶glich wÃ¤re wÃ¼rde ich auf dauer drin bleiben.ğŸ˜ŠğŸ˜‰;;
"Alles in allem ein Vorzeige Krankenhaus  da kÃ¶nnen sich einige andere mal eine scheibe ab schneiden. ğŸ˜Š""";;
"Herzogin Elisabeth Hospital,2, 5Â Sterne ,vor 2 Jahren,4,""Ich war eine Woche in der Klinik, habe schon einige Krankenhauserfahrung, aber so kompetent und liebevoll war es noch nirgends. Tolle Ã„rzte , sehr engagierte Schwestern,  sehr schÃ¶ne Zimmer und gutes Essen.""";;
"Herzogin Elisabeth Hospital,2, 5Â Sterne ,vor 2 Jahren,3,""Meine 82-jÃ¤hrige Mutter wurde im Jan. 2019 im HEH operiert (kÃ¼nstl. HÃ¼ftgelenk). OP-Verlauf/-ergebnis bestens. SchÃ¶nes modernes Krankenhaus, gute AtmosphÃ¤re  und vor allem immer freundliche und hilfsbereite Mitarbeiter/Innen.""";;
Herzogin Elisabeth Hospital,2, 5Â Sterne ,vor einem Jahr,1,Alles Top .;;
"Herzogin Elisabeth Hospital,2, 5Â Sterne ,vor 2 Jahren,3,""Es war perfekt. Dres. Kawara, Witzel, Motorin, die Schwestern Michaela, Svenja, Theresa etc... alle so nett. Das Essen war prima. Wenn KH, dann HEH!!!""";;
Herzogin Elisabeth Hospital,2, 5Â Sterne ,vor 2 Jahren,3,Top...... Mehr kann ich nicht dazu sagen....;;
"Herzogin Elisabeth Hospital,2, 5Â Sterne ,vor 3 Jahren,4,""Ich hab 2005 ein kÃ¼nstliches Kniegelenk bekommen und bin bis heute mehr als zufrieden und werde diese Klinik wieder besuchen wenn nÃ¶tig, vielen Dank ans Pflegepersonal und die Ã„rzte auch die Zimmer sind super gewesen""";;
Herzogin Elisabeth Hospital,2, 1Â Stern ,vor 5 Jahren,2,Ich war beim CT und bin sehr unzufrieden das es nur um Masse geht um Geld zu verdienen und der Patient nur noch eine lÃ¤ssige Notwendigkeit sind...menschlich eine dicke fette 6! Und fachlich 4!;;
"Herzogin Elisabeth Hospital,2, 5Â Sterne ,vor 2 Jahren,7,""War zum 3.Mal stationÃ¤r Gast im HEH.Und so habe ich mich auch gefÃ¼hlt.";;
In Vorbereitung auf die OP, habe ich auch die chirurgische Ambulanz kennengelernt.;;
Ich mÃ¶chte ausdrÃ¼cklich auch diese Abteilung  mit einbeziehen, denn der Erfolg der OP beginnt dort.;;
Die OP-Vorbereitung in der vorstationÃ¤ren Aufnahme war sehr gut und man konnte bis zum OP-TAG  zu Hause schlafen.;;
Das hat mir sehr viel Aufregung erspart.;;
Am Morgen der OP kam ich auf Station 2 an und wurde sehr freundlich empfangen.;;
Dann begann die OP-VORBEREITUNG.;;
Ich habe mich sehr gut aufgehoben gefÃ¼hlt.;;
Mein besonderer Dank gilt Schwester Margrit  und Schwester Julia.;;
Dem Ã„rzteteam um Dr.Oettel ein riesengrosses DankeschÃ¶n .;;
Dr.Oettel kam sogar an den Pfingstfeiertagen um nach uns zu schauen.;;
UND ICH BIN KEIN PRIVATPATIENT!;;
Ich kann dieses Krankenhaus nur empfehlen.;;
Dr. Oettel, seinem Team und dem Pflegepersonal von Station 2 wÃ¼nsche ich weiterhin viel Erfolg und SpaÃŸ in diesem Haus.;;
"Marita Roscher Zimmer 215""";;
"Herzogin Elisabeth Hospital,2, 5Â Sterne ,vor 3 Jahren,4,""Hatte vorletzte Woche eine SchilddrÃ¼sen-OP mit kompletter Entfernung der SD. Nach 2 Tagen schon Entlassung. Heute schon wieder arbeitsfÃ¤hig. Nach Aufwachen aus der Narkose vollkommen schmerzfrei.";;
Dank gilt an Dr. Hinrich Seesko sowie das komplette OP- und Pflegeteam.;;
"Sehr nett und kompetent. Gutes Essen. FÃ¼hlte mich gut aufgehoben und betreut. Kann ich nur weiterempfehlen.""";;
"Herzogin Elisabeth Hospital,2, 5Â Sterne ,vor 3 Jahren,6,""BezÃ¼glich eines gefÃ¤ÃŸchirurgischen Eingriffs war ich im FrÃ¼hjahr 2018 im HEH und bin bis heute mehr als zufrieden. Vielen Dank an das Ã„rzteteam der dortigen GefÃ¤ÃŸchirurgie sowie das Pflegepersonal - die Behandlung und Betreuung habe ich als sehr angenehm wahrgenommen.";;
;;
Entgegnen der Erfahrung aus einer anderen Klinik war der Ablauf der Voruntersuchungen im HEH sehr gut - freundlicher Empfang und dann Untersuchung sowie ausfÃ¼hrliche ErlÃ¤uterung vom Oberarzt. Die Terminvergabe fÃ¼r die OP erfolgte dann zeitnah. Die vorstationÃ¤re Aufnahme vor der OP lief auch sehr gut, schnell und freundlich.;;
Nach der OP eine Nacht auf der Intensivstation verbracht bei ebenfalls freundlicher Betreuung durch das Pflegepersonal, dies gilt auch fÃ¼r den Kontakt gegenÃ¼ber den AngehÃ¶rigen. Auch die folgenden Tage auf der Station waren geprÃ¤gt von einer stets sehr hilfsbereiten und freundlichen Art des Pflegepersonals und des Ã„rzteteams.;;
"Vor dem Hinblick, dass ein Krankenhausaufenthalt in aller Regel nicht zum grÃ¶ÃŸten VergnÃ¼gen gehÃ¶rt, muss ich sagen, dass ich mich im HEH sehr gut aufgehoben gefÃ¼hlt habe.""";;
"Herzogin Elisabeth Hospital,2, 5Â Sterne ,vor 2 Jahren,4,""Kompetente Betreuung, sehr gute Ã„rzte, sehr gutes Essen.""";;
Herzogin Elisabeth Hospital,2, 5Â Sterne ,vor 5 Jahren,3,Super nettes Pflegepersonal. FÃ¼hlte mich wÃ¤hrend meines Aufenthalts ausgesprochen wohl und gut aufgehoben.;;
"Herzogin Elisabeth Hospital,2, 5Â Sterne ,vor 3 Jahren,3,""ich mÃ¶chte mich bei Prof Heller bedanken ,insgesamt wurde ich an meiner HÃ¼fte 8 mal operiert in Goslar und mehrfach in der Endo klinik";;
in Hamburg, auf Empfehlung wurde ich bei Pro. Heller vorstellig und wurde dort op.ein tolles Ergebnis ,nach einer Woche wurde ich entlassen;;
ich ging nicht in eine Reha und war nach 14 Tagen topfit.Mein Dank geht an Herrn Prof .Heller, aber seine Mitarbeiterinnen und die KÃ¼che mÃ¶chte;;
ich nicht vergessen.Bei der Verabschiedung sagte Prof.Heller auf;;
Wiedersehen wir sehen uns nicht wieder,am liebsten hÃ¤tte ich gesagt;;
"wollen wir wetten !""";;
"Herzogin Elisabeth Hospital,2, 4Â Sterne ,vor 3 Jahren,4,""Also erstmal muÃŸ ich sagen, daÃŸ ich mich dort ganz gut betreut gefÃ¼hlt habe und auch noch weiter betreut werde. Die Untersuchungen, das Zusammenspiel der Ã„rzte und des Personals, d.h. Schwestern, Pfleger, ErnÃ¤hrungstherapeuten usw. hat funktioniert. Dennoch hÃ¤tte ich mir auf Station etwas mehr Ansprache gewÃ¼nscht. Zimmervisite fÃ¼r Behandlungspflege fand teilweise nur einmal pro Schicht statt, es sei denn, ich habe geklingelt. (Grundpflege habe ich nicht gebraucht) Da ich alleine im Zimmer war, war das manchmal nicht so schÃ¶n. Der Informationsfluss hÃ¤tte besser laufen kÃ¶nnen. Zum Beispiel ist es vielleicht doch wichtig, ob man jetzt mit-oder ohne Seife duschen darf, und was man trinken darf und was nicht, usw, z.B. Teesorten. Da haben andere Patienten teilweise gegenteilige Infos bekommen. Der Ablauf der Zimmerreinigung war fÃ¼r mich vÃ¶llig kurios: Einer kam um das Bett abzuwischen, Stunden spÃ¤ter kam der NÃ¤chste mit neuer WÃ¤sche, dann kam wieder wer Anders um den Nachtschrank zu reinigen, dann kam wieder die Erste Person um den MÃ¼ll zu entfernen? KÃ¶nnte man besser planen. Aber Irgendwo findet man ja meistens ein Haar in der Suppe!""";;
Herzogin Elisabeth Hospital,2, 1Â Stern ,vor einem Jahr,1,Kommt  erst nach Jahren dran  obwohl  man die Schmerzen nicht aushÃ¤lt und die Operationen sind grausam;;
"Herzogin Elisabeth Hospital,2, 1Â Stern ,vor 3 Jahren,6,""Achtung: Das MRT hier ist geschlossen. FÃ¼r eine Hals/Schulteruntersuchung wurde ich am Kopf arretiert in diese sehr enge RÃ¶hre fÃ¼r 15 Minuten geschoben. Dazu bekam ich ein paar gelbe OhrstÃ¶psel. Ich wusste, dass es bei MRTs auch Musik gibt. Hier gab es das nicht, angeblich wÃ¼rde so etwas immer kaputt gehen. Die OhrstÃ¶psel - die ich tatsÃ¤chlich nicht selber mitbringen musste - waren natÃ¼rlich nahezu wirkungslos. Das wiederlich laute unregelmÃ¤ÃŸige Klopfen kommt sehr sehr laut auf die Ohren. Ein Handtuch musste ich selbst mitbringen. Obwohl ich vorher prÃ¤zise angegeben hatte, das es mir  in der RÃ¶hre ganz sicher  nicht gut gehen wÃ¼rde, wurde darauf in keiner Weise eingegangen. Es wurde mir keinerlei Entspannungs-/Beruhigungsmittel angeboten. Mir wurde ein Notfallknopf in die Hand gedrÃ¼ckt und ab gings. Ich habe sofort hyperventiliert, bin aber dann doch nicht in Ohnmacht gefallen und habe es geschafft, nicht zu drÃ¼cken. Vermutlich, weil ich im Hinterkopf hatte, dass dann alles von vorne beginnen wÃ¼rde. SchweiÃŸnass und zitternd war ich dann nach ca. 15 vÃ¶llig einsamen panischen Minuten erlÃ¶st worden. Ich war noch nicht ganz  angezogen, da lag schon der NÃ¤chste, der nur mit dem Bein hinein musste auf der Schiene. Es war also offensichtlich die MÃ¶glichkeit eines Abbruchs eingeplant. Mittlerweile weiÃŸ ich, dass ich diese Prozedur gar nicht hÃ¤tte ertragen mÃ¼ssen - es gibt offene MRTs. Das ist vermutlich der Grund, weshalb ich hier so schnell einen Termin bekommen habe. Ganz sicher geht niemand dort hinein, der von einer Alternative weiÃŸ. Die Nichtverabreichung von Entspannungsmitteln kann ich mir nur damit erklÃ¤ren, dass dies das GeschÃ¤ftsmodell ist. FÃ¼r eine abgebrochene MRT-MaÃŸnahme kann man trotzdem eine Rechnung erstellen, also doppelt kassieren. Falls nicht abgebrochen wird, hat man wenigstens Medikamente gespart.""";;
"Herzogin Elisabeth Hospital,2, 5Â Sterne ,vor 3 Jahren,5,""Ich bin sehr zufrieden mit der Klinik. Mir wurde Ende MÃ¤rz die SchilddrÃ¼se heraus genommen, da mehrere Knoten vorhanden waren. Ich wurde die Zeit, die ich dort verbrachte, sehr gut versorgt. Sowohl das ArztgesprÃ¤ch wie auch die Behandlung nach meiner OP waren sehr gut. Ich hatte vor der OP groÃŸe Angst ob alles gut gehen wird. Man nahm mir diese und klÃ¤rte mich ausfÃ¼hrlich Ã¼ber die OP auf. Sowohl die Ã„rzte, als auch die Schwestern haben sich fÃ¼hrsorglich um mich gekÃ¼mmert. Ich kann diese Klinik nur weiter empfehlen. Evtll. steht bei mir bald eine Tennisarm OP an, dann werde ich diese auch dort vornehmen lassen. Alles in Einem: Sowohl das Gesamte Klinikpersonal, wie auch die Verpflegung, das Essen und die RÃ¤umlichkeiten haben bei mir einen sehr guten Eindruck hinterlassen. Daher volle 5 Sterne!!!""";;
"Herzogin Elisabeth Hospital,2, 5Â Sterne ,vor 7 Jahren,3,""Nach 3 falsch Diagnosen, dort Volltreffer.";;
Innenminusk abriss und Innenkreuzband;;
Operiert. Narkose Top, OP Top, Saubere;;
"Klinik. Essen. Top, Alle Nett(Denkt: Wie man in den Wald ruft,schallt es zurÃ¼ck!). Auf Station sehr gute Badezimmer.Gute Beratung , immer Ansprechbar. Immer wieder!""";;
Herzogin Elisabeth Hospital,2, 5Â Sterne ,vor 2 Jahren,3,Eine umfangreiche und stets freundliche Behandlung!;;
"Herzogin Elisabeth Hospital,2, 5Â Sterne ,vor 4 Jahren,4,""HEH. Super Erfahrung, im Sommer 2015 hatte ich eine Darm OP, super gelaufen , TOP Arzt sehr Gewissenhaft gearbeitet!!!!!!!!!!";;
Im August 2016 Schwanom im re. Knie , sehr gute Vorbereitung und sehr Profisionelle Narkose und OP man fÃ¼hlt sich Sicher augehoben.......auch;;
"auf Station immer jemand Ansprechbar.........sehr,sehr zu Empfehlen! :-)""";;
Herzogin Elisabeth Hospital,2, 5Â Sterne ,vor 4 Jahren,6,Gute Station.. sehr nett und freundlich.. hilfsbereit und sehr lustig... Immer wieder gerne..;;
"Herzogin Elisabeth Hospital,2, 1Â Stern ,vor 4 Jahren,12,""Keine normale Krankenhaus, meine lebensgefÃ¢hrte wurde letzte jahr von Dr. Thorban operiert er konnte vor dem op noch laufen und jetzt ist er im rollstuhl gefangen.  Letzte monat sind wir wieder in den krankenhaus gewesen mein lebensgefÃ¢hrte wurde in station aufgenommen der Dr. Thorban Ä°st dann nicht mehr aufzufinden. Nach bemÃ¼hungen haben DÄ°E pfleger meine lebensgefÃ¢hrten ziemlich gemoppt und wollten ihn sogar mitten in der nacht aus dem krankenhaus werfen. DÄ°E Ã¢rzte wollten ihn nicht mehr er solle gehen haben DÄ°E gesagt mein lebensgefÃ¢hrte hatt darauf gesagt das er ziemliche schmerzen hatt und der arzt hatt nur gelacht und ihm gesagt er sei paÅŸa er konnte laufen aber er will es nicht. Ä°ch glaube DÄ°E sind entweder Razisten oder Ã¢hnliches""";;
"Herzogin Elisabeth Hospital,2, 5Â Sterne ,vor 3 Jahren,3,""Sehr gute Ã„rzte, Operateure und freundliches Pflegepersonal.";;
"Beide Daumen hoch.""";;
"Herzogin Elisabeth Hospital,2, 1Â Stern ,vor 7 Jahren,GefÃ¤llt mir,""Bei mir wurde eine Schlittenprothese eingesetzt und das Tableau zu weit nach vorn eingesetzt,irrsinnge Schmerzen noch nach 7 Monaten,daÃŸ Gelenk muÃŸ ausgetauscht werden.Nichtmal eine Enzschuldigung kam von der Klinik.Pflegepersonal super,aber O.P.daneben,nicht zu empfehlen-""";;
"Herzogin Elisabeth Hospital,2, 3Â Sterne ,vor 7 Jahren,3,""Mitte 2013 suchte ich aufgrund eines Knorpelschadens im linken Knie das Herzogin Elisabeth Hospital in Braunschweig auf. Die Erstuntersuchung nahm Herr Dr. Wilhelm vor, der mir bestÃ¤tigte, dass der Knorpelschaden zwar nicht groÃŸ, aber wohl auch nur durch eine OP zu beheben sei. Wir setzten einen OP-Termin fÃ¼r Anfang September an.";;
;;
Wenige Tage vor der OP musste ich das HEH erneut aufsuchen, um mich von der NarkoseÃ¤rztin Ã¼ber FormalitÃ¤ten und Risiken aufklÃ¤ren zu lassen. Ãœberraschenderweise wurde ich auch erneut untersucht. Ein Herr Dr. Schwerdtfeger sah sich mein Knie und die erst kÃ¼rzlich angefertigen RÃ¶ntgen- sowie MRT-Bilder abermals an und teilte mir mit, dass er gar wisse, was ich hier wolle. Er kÃ¶nne da nichts sehen.;;
Zwischendurch klingelte sein Handy, er fÃ¼hrte in abfÃ¤lliger Wortwahl ein Telefonat mit seinem GesprÃ¤chspartner, kehrte dann zu meinen Belangen zurÃ¼ck. Dabei schien er wenig an meiner Person interessiert zu sein. Ich berichtete daraufhin von meinen Schmerzen bzw. den stark hÃ¶rbaren KnackgerÃ¤uschen, die bei jeder Beugung auftraten. Sein abfÃ¤lliger Kommentar: seine Knie wÃ¼rden auch knacken.;;
"Daraufhin fragte ich, was er mit seinen Ã„uÃŸerungen meine und ob er mir von der OP abraten wÃ¼rde. Das verneinte er. Die OP sei nun angesetzt und dann wird sie auch durchgezogen. Auch wenn er nicht wisse, was das solle: """"Ihnen muss klar sein, dass wir mÃ¶glicherweise aufmachen und nichts finden und dann einfach wieder zumachen. Dann bekommen Sie im schlimmsten Fall ne EntzÃ¼ndung, verklagen die Klinik, es geht vor Gericht und dann guckt mal einer richtig nach und fragt warum wir sie Ã¼berhaupt operiert haben."""" Ich war sprachlos. Daraufhin Herr Dr. Schwerdtfeger: """"Oder aber wir mÃ¼ssen doch an den Knorpel ran. Dann dÃ¼rfen Sie im Anschluss das Knie 6 bis 8 Wochen Ã¼berhaupt nicht belasten. Dass mÃ¼ssen Sie sich Ã¼berlegen.""""";;
;;
VÃ¶llig verunsichert verlieÃŸ ich den Untersuchungsraum. Wie kann man nur einer Patientin kurz vor einer anstehenden OP so widersprÃ¼chliche MÃ¶glichkeiten des Behandlungsverlaufs aufzeigen und dabei ganz offensichtlich die Kompetenz von Herrn Dr. Wilhelm und seine EinschÃ¤tzung des Sachverhaltes infrage stellen?;;
;;
Ich entschied mich dennoch fÃ¼r die OP. Meiner Meinung nach war sie die einzige Option auf Beschwerdefreiheit. AuÃŸerdem war mir Dr. Wilhelms Diagnose wichtiger als das unprofessionelle Gelaber seines Kollegen Schwerdtfeger.;;
;;
Die OP verlief problemlos â€“ wenn auch leider nicht erfolgreich. Der Knorpel wurde geglÃ¤ttet und freie Knorpelteile sowie bereits entstandene Verwachsungen aus dem Knie entfernt. Dennoch bin ich nicht beschwerdefrei. Eine Verbesserung ist leider kaum spÃ¼rbar.;;
"Die Betreuung im ambulanten Operationszentrum der HEH war jedoch vorbildlich und ist lobend hervorzuheben. Schade, dass sich in einer so guten Klinik ein Arzt auf Kosten und zu Lasten der Patienten auf diese Art und Weise profiliert.""";;
Herzogin Elisabeth Hospital,2, 5Â Sterne ,vor einem Jahr,3,Kompetentes Ã„rzteteam und aufmerksame Schwestern und Pfleger.;;
Herzogin Elisabeth Hospital,2, 5Â Sterne ,vor 3 Jahren,2,Bin bei Pr Heller alles Top;;
Herzogin Elisabeth Hospital,2, 5Â Sterne ,vor einem Jahr,1,Top Arbeitgeber !;;
"Herzogin Elisabeth Hospital,2, 5Â Sterne ,vor 3 Jahren,3,""Einfach toll.";;
"Vielen Dank .""";;
Herzogin Elisabeth Hospital,2, 5Â Sterne ,vor 4 Jahren,3,Super Betreuung vom Anfang bis zur EntlassungğŸ˜‰;;
Herzogin Elisabeth Hospital,2, 5Â Sterne ,vor 3 Jahren,3,Alles Top;;
"Herzogin Elisabeth Hospital,2, 5Â Sterne ,vor 3 Jahren,3,""Freundliches Personal, moderne Technik im Zimmer""";;
Herzogin Elisabeth Hospital,2, 5Â Sterne ,vor 4 Jahren,3,Behandlung und so weiter;;
"Herzogin Elisabeth Hospital,2, 1Â Stern ,vor 17 Stunden,GefÃ¤llt mir,""Ich war heute Abend 21:30 in der Notaufnahme mit starken schmerzen (Fraktur schienbein&wadenbein) die haben mich weg geschickt mit der Aussage ich solle doch bitte in ein anderes kh in die Notaufnahme fahren ...oder morgen (montag) anrufen um mir einen termin in der Sprechstunde geben zu lassen ...";;
"Man wird da nicht ernst genommen ...es wird nicht auf die Patienten eingegangen ..also wirklich traurig fÃ¼r eine Klinik die auf sowas spezialisiert sein soll ...""";;
"Herzogin Elisabeth Hospital,2, 5Â Sterne ,vor 6 Monaten,1,""(Ãœbersetzt von Google) GroÃŸe Sorgfalt und ich danke Ihnen von ganzem Herzen fÃ¼r die Ãœbersetzung. Alles ist groÃŸartig ğŸ‘Œ â¤ï¸";;
;;
(Original);;
"Super opieka i DziÄ™kujÄ™ z caÅ‚ego serca PaniÄ… za tÅ‚umaczenie. Wszystko super ğŸ‘Œ â¤ï¸""";;
"Herzogin Elisabeth Hospital,2, 5Â Sterne ,vor 3 Jahren,1,""(Ãœbersetzt von Google) Sehr schÃ¶n";;
;;
(Original);;
"ráº¥t hay""";;
Herzogin Elisabeth Hospital,2, 1Â Stern ,vor 3 Jahren,0,;;
Herzogin Elisabeth Hospital,2, 5Â Sterne ,vor 3 Jahren,0,;;
Herzogin Elisabeth Hospital,2, 5Â Sterne ,vor 6 Monaten,0,;;
Herzogin Elisabeth Hospital,2, 5Â Sterne ,vor 5 Monaten,0,;;
Herzogin Elisabeth Hospital,2, 5Â Sterne ,vor einem Jahr,0,;;
Herzogin Elisabeth Hospital,2, 5Â Sterne ,vor 4 Jahren,0,;;
Herzogin Elisabeth Hospital,2, 5Â Sterne ,vor einem Jahr,0,;;
Herzogin Elisabeth Hospital,2, 5Â Sterne ,vor einem Jahr,0,;;
Herzogin Elisabeth Hospital,2, 3Â Sterne ,vor einem Jahr,0,;;
Herzogin Elisabeth Hospital,2, 5Â Sterne ,vor 4 Jahren,0,;;
Herzogin Elisabeth Hospital,2, 1Â Stern ,vor 2 Jahren,0,;;
Herzogin Elisabeth Hospital,2, 5Â Sterne ,vor 3 Jahren,0,;;
Herzogin Elisabeth Hospital,2, 5Â Sterne ,vor 2 Jahren,0,;;
Herzogin Elisabeth Hospital,2, 5Â Sterne ,vor 2 Jahren,0,;;
Herzogin Elisabeth Hospital,2, 5Â Sterne ,vor einem Jahr,0,;;
Herzogin Elisabeth Hospital,2, 5Â Sterne ,vor 3 Tagen,0,;;
Herzogin Elisabeth Hospital,2, 1Â Stern ,vor 4 Jahren,0,;;
Herzogin Elisabeth Hospital,2, 4Â Sterne ,vor einem Jahr,0,;;
Herzogin Elisabeth Hospital,2, 5Â Sterne ,vor 3 Jahren,0,;;
Herzogin Elisabeth Hospital,2, 5Â Sterne ,vor einem Jahr,0,;;
Herzogin Elisabeth Hospital,2, 5Â Sterne ,vor einem Jahr,0,;;
Herzogin Elisabeth Hospital,2, 5Â Sterne ,vor 3 Jahren,0,;;
Herzogin Elisabeth Hospital,2, 1Â Stern ,vor 5 Monaten,0,;;
Herzogin Elisabeth Hospital,2, 5Â Sterne ,vor einem Jahr,0,;;
Herzogin Elisabeth Hospital,2, 5Â Sterne ,vor 4 Jahren,0,;;
Herzogin Elisabeth Hospital,2, 5Â Sterne ,vor 2 Jahren,0,;;
Herzogin Elisabeth Hospital,2, 1Â Stern ,vor 4 Jahren,0,;;
Herzogin Elisabeth Hospital,2, 1Â Stern ,vor einem Jahr,0,;;
Herzogin Elisabeth Hospital,2, 5Â Sterne ,vor 3 Jahren,0,;;
Herzogin Elisabeth Hospital,2, 5Â Sterne ,vor 3 Jahren,0,;;
Herzogin Elisabeth Hospital,2, 3Â Sterne ,vor 3 Jahren,0,;;
Herzogin Elisabeth Hospital,2, 4Â Sterne ,vor einem Jahr,0,;;
Herzogin Elisabeth Hospital,2, 5Â Sterne ,vor 2 Jahren,0,;;
Herzogin Elisabeth Hospital,2, 5Â Sterne ,vor einem Jahr,0,;;
Herzogin Elisabeth Hospital,2, 5Â Sterne ,vor 3 Jahren,0,;;
Herzogin Elisabeth Hospital,2, 5Â Sterne ,vor 6 Monaten,0,;;
Herzogin Elisabeth Hospital,2, 5Â Sterne ,vor einem Jahr,0,;;
Herzogin Elisabeth Hospital,2, 4Â Sterne ,vor 9 Monaten,0,;;
Herzogin Elisabeth Hospital,2, 5Â Sterne ,vor einem Jahr,0,;;
Herzogin Elisabeth Hospital,2, 5Â Sterne ,vor 9 Monaten,0,;;
