"Krankenhaus Marienstift gGmbH,1, 5Â Sterne ,vor einer Woche,GefÃ¤llt mir,""Moin, ich weiÃŸ nicht ob sich schon jemand von meiner Familie bei Ihnen bedankt hat. Mein Vater Gerd Jobst ist bei Ihnen am 6.3.2021 eingeschlafen (Station M3 Zimmer 207).Sie haben meinen Vater einen wÃ¼rdigen Abschied gegeben."
Wir bzw. ich habe mich bei Ihnen im Haus, trotz der schwierigen Situation gut aufgehoben gefÃ¼hlt. Mein Dank geht an  Dr. PrÃ¶nneke der meinem Vater gesagt hat, er soll nun langsam mal loslassen. Ein toller Arzt der nicht wie viele andere bei uns in der Region Salzgitter nur die Zahlen im Kopf haben. Die Schwestern und Krankenpfleger haben sich wirklich sehr gut und geduldig um meinen Vater gekÃ¼mmert. Danke dafÃ¼r. Auch die Damen an der Rezeption und beim Corona Test haben einen Kraft gegeben und waren alle sehr freundlich. Sie haben alle eine tolle Arbeit geleistet und leisten diese tÃ¤glich.
Das wollte ich mir mal von meiner Seele schreiben.
Ihr Leitspruch passt zu 100%Sie stehen im Zentrum der Arbeit unserer Organisation: Menschen, die wir im Geiste christlicher NÃ¤chstenliebe achtsam unterstÃ¼tzen. Wir begegnen jedem HilfebedÃ¼rftigen mit allem Respekt, den menschliche WÃ¼rde erfordert, weil sie unantastbar ist. Das ist das Prinzip des Handelns, in allem, was wir tun. DafÃ¼r gibt es uns.

Vielen Dank an alle Mitarbeiter die meinen Vater in der Zeit geholfen haben.
"Mit lieben GrÃ¼ÃŸen Siegfried Jobst (Sohn)"""
Krankenhaus Marienstift gGmbH,1, 5Â Sterne ,vor 4 Monaten,GefÃ¤llt mir,Wir kÃ¶nnen fast nur positiv von unserer Geburt im Marienstift berichten. Sowohl die Ã„rztin als auch die Hebamme haben wirklich unglaublich tolle und liebevolle Arbeit geleistet. Es wurde sich so darum bemÃ¼ht den Wunsch nach einer natÃ¼rlichen Geburt zu erfÃ¼llen. Einzig und alleine der AnÃ¤sthesist war im Hinblick auf das Thema FeingefÃ¼hl und unpassende Kommentare eine absolute Katastrophe. Fachlich hat er seinen Job jedoch gut gemacht.
"Krankenhaus Marienstift gGmbH,1, 5Â Sterne ,vor 2 Monaten,GefÃ¤llt mir,""Ich habe dort im Dezember 2020 per Einleitung mein zweites Kind entbunden. Die Betreuung vor, wÃ¤hrend und nach der Geburt war super. Ich und meine WÃ¼nsche wurden ernst genommen. Alle Hebammen dort sind feinfÃ¼hlig und verstÃ¤ndnisvoll. Die AufklÃ¤rung war stets umfassend und die Beratung sehr menschlich. Ich hatte so eine selbstbestimmte Geburt. Die Hebamme und der Arzt waren bei der Geburt ein groÃŸartiges Team, dass mich sehr unterstÃ¼tzt hat. Ich kann eine Entbindung dort empfehlen und wÃ¼rde immer wieder dort gebÃ¤ren. Besonders lieb umsorgt hat mich die HebammenschÃ¼lerin Maren, der ich hier auch noch meinen Dank aussprechen mÃ¶chte."
"Auf der Station war die Unterbringung vollkommen in Ordnung und ich finde, dass die Schwestern sich hier auch sehr bemÃ¼ht haben. Die UmstÃ¤nde mit der Pandemie machen die Arbeit fÃ¼r das klinische Personal auch nicht leichter und trotzdem wurde stets versucht mich bei Fragen zu unterstÃ¼tzen."""
"Krankenhaus Marienstift gGmbH,1, 5Â Sterne ,vor einem Monat,GefÃ¤llt mir,""Ich bin so froh das es es so ein tolles KH in Braunschweig gibt. Ãœber meinen letzten Aufenthalt kann ich nur positiv sprechen,  jeder einzelne Arzt oder die Schwestern in der Frauenklinik haben mich so gut behandelt und sind alle wirklich sehr nett und hilfsbereit."
Und das schÃ¶ne dazu, ich habe mich dort wirklich sehr sehr wohl gefÃ¼hlt, auch gerade zu den Zeiten von Corona wo man auch alleine im KH ist und keinen empfangen darf.
"Ich kann diese Klinik wirklich nur weiterempfehlen."""
"Krankenhaus Marienstift gGmbH,1, 2Â Sterne ,vor einer Woche,GefÃ¤llt mir,""Frauenklinik - diagnostische Bauchspiegelung V.a. Endometriose (ambulant?"

"Bei der Voruntersuchung wurde ich von der OberÃ¤rztin Frau W. gefragt, ob ich die Laparoskopie wollte oder meine Ã„rztin, weil mein Unterleib im Ultraschall unauffÃ¤llig aussah. FÃ¼r eine Frau, die 10 Jahre Leidensweg hinter sich hat und auch fÃ¼r alle anderen eine vÃ¶llig unpassende Frage. VorgesprÃ¤ch und OP wurden von zwei verschiedenen Ã„rzten gemacht. OP-Bericht laut zwei GynÃ¤kologen nicht aussagekrÃ¤ftig. Endometriosezentrum kann dadurch nicht einschÃ¤tzen, wie umfangreich Sanierung werden wird. Vorhandene Herde wurden nicht entfernt, zweite OP notwendig. Fazit: OP in diesem KH Ã¼berflÃ¼ssig. Schuld liegt aber auch bei der FÃ„, die mich dorthin Ã¼berwiesen hat. OP-Schwester hat mir 10 Minuten ihr Leid geklagt (""""Brauche Kaffee. Bin heute schwach. Sie haben ja wirklich schlechte Venen."""") Zugang musste zweimal gelegt werden, weil sie es nicht hinbekommen hat. AÃ±Ã¤sthesist war sehr nett und kompetent. Im Gegensatz zur OP-Schwester sehr beruhigend. Aber auch ein anderer, als die Ã„rztin vom VorgesprÃ¤ch."

Lob fÃ¼r die Organisation der AblÃ¤ufe, die Freundlichkeit von Schwester Miriam und das Zweierzimmer.

"Endometriose bitte nicht hier diagnostizieren oder therapieren lassen. Offensichtlich nicht deren Fachgebiet."""
"Krankenhaus Marienstift gGmbH,1, 2Â Sterne ,vor 3 Wochen,4,""Die meisten Ã„rzte sind gut, vor allem das Team um Dr. PrÃ¶nneke und Frau Dt. Giller, vielen Dank auch an Dr. MÃ¼ller und Dr. Mayer fÃ¼r die Geduld.  Die StationsÃ¤rztin auf Station M1 ist die gute Seele des Hauses."
Leider macht das Pflegepersonal alles kaputt,  weigern sich mit den Ã„rzten zusammen zu arbeiten, unfreundlich  teilweise unverschÃ¤mt.  Wenn man sie sucht = Pausenraum.
"Ich mÃ¶chte betonen Mefiziner wirklich Top - aber sollten die guten Ã„rzte nicht da sein wÃ¤re es eines der schlechtesten KrankenhÃ¤user Bundesweit. Besonderest erschreckend finde ich das die unfreundliche Ã„rztin StationsÃ¤rztin der Paliativstation ist."""
"Krankenhaus Marienstift gGmbH,1, 2Â Sterne ,vor 3 Monaten,2,""Hebammen im KreiÃŸsaal super lieb und zuvorkommend!"
Schwestern auf der Station eher fragwÃ¼rdig, anstatt sich um die Patienten zu kÃ¼mmern sitzen diese lieber im Schwesternzimmer und trinken Kaffee.
"Leider enttÃ¤uschend."""
"Krankenhaus Marienstift gGmbH,1, 5Â Sterne ,vor 3 Wochen,GefÃ¤llt mir,""Hier geboren, supi Krankenhaus. :)"""
"Krankenhaus Marienstift gGmbH,1, 5Â Sterne ,vor 8 Monaten,1,""Ich habe Ende Juni dort meine kleine Tochter bekommen und bin sehr zufrieden. Sowohl die Ã„rzte, als auch die Hebammen sind sehr nett.Ganz besonders mÃ¶chte ich mich bei SchÃ¼lerin Anne bedanken. Sie war von Anfang an dabei und hat sich sehr gut um mich gekÃ¼mmert (ist sogar noch bis zum Ende geblieben, obwohl Sie schon lÃ¤ngst Feierabend hatte). Auch auf der Station waren alle sehr nett. Also ich kann definitiv nichts schlechtes sagen,auÃŸer ein dickes DankeschÃ¶n ğŸ’ğŸ’"""
"Krankenhaus Marienstift gGmbH,1, 1Â Stern ,vor einem Monat,3,""Kurzfassung: mit starken Schmerzen im Krankenhaus angekommen, musste meine Nichte (13) einen Covid19 schnelltest machen. Nun dieser war positiv. Ok."
Dies fÃ¼hrte regelrecht zu Panik bei dem Pfleger der sie behandelt hat. Daraufhin wurde sie zur eigentlichen Behandlung gar nicht angenommen.
Daraufhin wollte der Pfleger den PCR Test machen.
Nach erneutem Warten kam dann der Herr und meinte, dass keine Tests mehr vorhanden sind und sie somit nicht behandelt werden kann.
Sie wurde vom Krankenhaus zurÃ¼ckgewiesen. Sie solle doch Montag erstmal zum Hausarzt.

Hat dieses Krankenhaus denn keine Kompetenz zur Behandlung von Patienten mit Covid19?
Auf der Ãœberweisung zum Hausarzt stand dann natÃ¼rlich nur Covid19 positiv.

Also heiÃŸt das: wenn Menschen mit dem Covid19 infiziert sind und dabei noch andere Beschwerden haben, diese nicht behandelt werden???
Wird dann nur COVID19 erwÃ¤hnt, um die Statistik stabil zu halten oder sind die KrankenhÃ¤user einfach inkompetent?

Ich sage KRANKENHÃ„USER, da fast das selbe Spiel die Salzdahlumer StraÃŸe und auch die Celler StraÃŸe abgezogen hat.

Jeder wollte sie einfach loswerden und nicht behandeln.
Das KIND wurde stundenlang hin und her gescheucht.
Unglaubliches System. Seit Ã¼ber einem Jahr hat der Staat es nicht hinbekommen einen strukturierten Ablauf zu gewÃ¤hrleisten.

Daher wundere ich mich auch nicht mehr, warum so viele Menschen sterben.
Die eigentlichen Probleme werden gar nicht behandelt, da die Leute Angst haben sich mit Covid19 anzustecken.

Es ist nicht nur Covid19 das die Menschen umbringt, Unwissenheit schÃ¼tzt auch nicht vor dem Tod.

Ich will nicht wissen was passiert wÃ¤re, wenn wir nicht drauf bestanden hÃ¤tten endlich eine Behandlung zu bekommen.

"Also nie wieder Marienstift!"""
"Krankenhaus Marienstift gGmbH,1, 4Â Sterne ,vor 3 Monaten,GefÃ¤llt mir,""An sich war ich mit der Entbindung sehr zufrieden. Die Hebammen, Ã„rzte und Schwestern sind toll, keine Frage. Auch das Essen ist fÃ¼r KrankenhausverhÃ¤ltnisse gut. Jedoch konnte ich einige Corona-MaÃŸnahmen nicht ganz nachvollziehen, wie zum Beispiel, dass der werdende Vater, welcher aus dem selben Haushalt stammt, trotz negativen Tests erst ganz zum Schluss dazukommen darf und kurz nach der Entbindung wieder gehen muss. Auch kann ich nicht ganz nachvollziehen, wieso es derzeit kein Familienzimmer mehr gibt (der Vater wird vor Betreten des KreiÃŸsaals sowieso getestet). In Kombination mit dem Besuchsverbot fÃ¼r VÃ¤ter hat dies dazu gefÃ¼hrt, dass ich mich vorzeitig entlassen habe und damit war ich nicht die Einzige. Ansonsten war ich jedoch sehr zufrieden. Die Schwestern geben enorm viel Hilfestellung und sind sehr motiviert."

"Anmerkung: Wie ich mitbekommen habe, sind Besuche von VÃ¤tern inzwischen nach Absprache wieder mÃ¶glich. Das freut mich fÃ¼r die Betroffenen."""
"Krankenhaus Marienstift gGmbH,1, 5Â Sterne ,vor 5 Monaten,GefÃ¤llt mir,""Vor einem Jahr ist unsere Tocher hier zur Welt gekommen. Wir haben uns sehr gut betreut gefÃ¼hlt, sowohl menschlich als auch fachlich. Vielen Dank an das gesamte Team!"""
"Krankenhaus Marienstift gGmbH,1, 2Â Sterne ,vor 3 Monaten,GefÃ¤llt mir,""Corona Pandemie hin oder her, wir sind mehr als enttÃ¤uscht von der Frauenklinik im Marienstift!"
Die Hebammen im KreiÃŸsaal sowie die Ã„rzte im OP waren sehr hilfsbereit, freundlich und zuvorkommend - dort haben wir uns rundum zufrieden und aufgehoben gefÃ¼hlt.
Leider sah das ganze geschehen auf Station anders aus...
Bis auf 1-2 Ausnahmen, waren die Schwestern auf Station mehr als Ã¼berfordert bzw. die Lustlosigkeit war kaum zu Ã¼bertreffen.
Wenn man Hilfe benÃ¶tigt hat, wurde man schnell abgespeist, ErklÃ¤rungen zum Stillen trotz Nachfrage nicht gegeben, bei starken Schmerzen musste ich lÃ¤nger als 10Stunden auf einen Arzt warten/ auf Hilfe, als meine Tochter dann einen Atemaussetzer hatten wurde Sie von der Schwester nur geschÃ¼ttelt und mir wurde gesagt: ich soll entspannt bleiben es wÃ¤re alles Okay, dass aber 30min meine Hebamme vom KreiÃŸsaal hochkam und mir mein Kind wegnahm zur Kontrolle hÃ¶rt sich fÃ¼r mich nicht nach: ES IST ALLES GUT AN.
Leider gab es sehr wenig Informationen und wenn es welche gab dann bekam man 5 verschiedene Varianten.
Trotz alledem geht ein riesen groÃŸen DankeschÃ¶n an die Hebammen im KreiÃŸsaal und an die Ã„rzte inkl. Anhang im OP.
Die versucht haben, mich perfekt durch diesen nicht geplanten Kaiserschnitt zu begleiten.
"Zu der Station kann man nur sagen, man sollte bedenken das die RÃ¤ume sehr hellhÃ¶rig sind und Aussagen wie: Was will Zimmer xx schon wieder, unpassend sind!"""
"Krankenhaus Marienstift gGmbH,1, 5Â Sterne ,vor 6 Monaten,GefÃ¤llt mir,""Ein sehr empfehlenswertes christliches Krankhaus!"
Personal immer sehr freundlich und zuvorkommend.
"Der gute Umgang mit Pat.ist besonders hervorzuheben!"""
"Krankenhaus Marienstift gGmbH,1, 2Â Sterne ,vor 4 Monaten,GefÃ¤llt mir,""Meine Schwiegertochter hat vor zwei Monaten dort ihre Tochter entbunden.  Das Personal war trotz der schwierigen Lage sehr nett und  zuvorkommend. Leider ist meine Schwiegertochter trotz unverheilter Kaiserschnittnarbe nach drei Tagen entlassen worden.  Sie kam dann nach zwei Tagen mit eitriger Wunde wieder in's Krankenhaus und durfte dann 5 Tage bleiben.  Jetzt nach 6 Wochen ist endlich alles verheilt. Wenn die Ã„rzte  ihr mehr Zeit im Krankenhaus gegeben hÃ¤tten, wÃ¤ren die vielen nachtrÃ¤glichen Arztbesuche, der ambulante Pflegedienst und nicht zu vergessen,  die ganzen Schmerzen evtl. nicht nÃ¶tig gewesen."""
Krankenhaus Marienstift gGmbH,1, 1Â Stern ,vor 4 Wochen,GefÃ¤llt mir,Nie wieder unsauber und unfreundlich und die Ã„rzte sind von daneben wenn die nicht weiter wissen soll man in ja wo anderes hin
Krankenhaus Marienstift gGmbH,1, 5Â Sterne ,vor 3 Monaten,GefÃ¤llt mir,Ich hab dort im MÃ¤rz meine Tochter bekommen und kann absolut nix negatives sagen wir kamen gegen 5 Uhr morgens und beide Hebammen die ich hatte waren sehr nett und hilfsbereit ich war zu dem zeitblpubkt aber die einzige frau die entbunden hat also konnte die hebamme dann auch die ganze zeit bei mir sein.. Irgendwann kam dann der arzt rein ich kannte ihn schon aus einem 5vtÃ¤gigen Krankenhaus aufenthalt in der schwangerschaft und als dieser rein kam sagte mein freund war ich teifenenspannt und hab auf den arzt gehÃ¶rt der arzt hat zusagen mit mir veratmet und mir gut zu gesprochen.. Super klasse ich  war heil froh das er da war die Geburt war schwierig und anstrengend fÃ¼r alle aber danach war die welt in ordnung ich hab direkt danach mit dem doctor Witze gemacht und auch die Schwestern auf den Zimmern sind alle super nett ich kann wirklich garnix aber auch nix negatives sagen freue mich schon auf die Geburt meines 2m Kindes dort â˜ºï¸ğŸ™
Krankenhaus Marienstift gGmbH,1, 1Â Stern ,vor 6 Monaten,GefÃ¤llt mir,Im Internet stehen besuchszeiten von 10-20uhr und an der Info heiÃŸt es erst ab 14 Uhr da fÃ¤hrt mann von celle dort hin und soll 5Stunden  dann da rum gammeln echt nicht nett
"Krankenhaus Marienstift gGmbH,1, 5Â Sterne ,vor 9 Monaten,1,""Meine Mutter ging Ã¼ber die Notaufnahme in die C2 wurde dann auf auf die M3 / Palliativ Station verlegt. Lag dort bis zum Ende. Sie wurde stets gut behandelt obwohl Sie nicht immer Pflegeleicht wahr. Ich selber wurde stets korrekt behandelt. Des Weiteren  wurde mir in Anschluss Hilfe angeboten."
"Ich bedanke  mich  nochmals dafÃ¼r"""
"Krankenhaus Marienstift gGmbH,1, 5Â Sterne ,vor 6 Monaten,1,""Sehr persÃ¶nlich und profund,  prima Team AtmosphÃ¤re, die Patienten sind sehr wohl behÃ¼tet"""
"Krankenhaus Marienstift gGmbH,1, 5Â Sterne ,vor 5 Monaten,1,""Wir haben das Marienstift durch bekannte empfohlen bekommen & kÃ¶nnen es nur jedem weiterempfehlen."

Unsere kleine Tochter hat das Licht der Welt am 10.10.2020 um 17.45 Uhr erblickt. Wir sind nun seit 5 Tagen hier stationÃ¤r aufgenommen und werden vollumfÃ¤nglich betreut. SÃ¤mtliches Personal ob im KreiÃŸsaal oder auch auf der Station sind sehr lieb und hilfsbereit sowie zuvorkommend.

Das Team und die neue ChefÃ¤rztin sind einfach nur toll.

Besonders mÃ¶chte ich mich auf diesem Weg an die wundervollen Hebammen richten:

So liebevoll auch unter Dauerstress und HÃ¶chstleistung immer noch einen Durchblick zuhaben, kann ich nur meinen Hut ziehen und meine Hochachtung aussprechen.

FÃ¼r viele ist es nur ein Job aber das was die Damen dort verrichten, kann ich mich einfach nur mit meiner vollsten Anerkennung bedanken.

FÃ¼r viele Eltern bzw. werdende Eltern, die ihr erstes Baby zur Welt bringen, ist es sowieso eine Stresssituation die mit vielen Emotionen und gemischten GefÃ¼hlen in sich hat.
Dort wurde mir und meiner Frau aber genau das Gegenteil bewiesen und die tolle UnterstÃ¼tzung und auch die Erleichterung nach der Geburt, hat uns gezeigt wie toll und gerne das Personal seine Arbeit macht. Ohne die GesprÃ¤che mit jedem Einzelnen hÃ¤tte es fÃ¼r uns kÃ¶rperlich sowie emotional viel schlimmer sein kÃ¶nnen.

Daher mÃ¶chten wir uns vom tiefstem Herzen bei allen Beteiligten bedanken und wÃ¼nsche euch allen weiterhin viel Erfolg und viele gesunde Geburten und frÃ¶hliche Eltern.

Danke & liebe GrÃ¼ÃŸe

"Familie Baloglu & unsere kleine ALARA"""
Krankenhaus Marienstift gGmbH,1, 5Â Sterne ,vor 7 Monaten,GefÃ¤llt mir,Ich kann dieses Krankenhaus nur weiter empfehlen. Seit vielen Jahren bin ich dort Patientin und immer sehr zufrieden.
"Krankenhaus Marienstift gGmbH,1, 1Â Stern ,vor 9 Monaten,GefÃ¤llt mir,""Alle Mitarbeiter haben als  ich dort war eine Maske getragen, bzw. Mund - Nasenschutz , nur ein Mitarbeiter mit WÃ¤schetrolly trug seinen Schutz unter dem Kinn und hauchte  mir einen """"Guten Tag """"entgegen.  Unglaublich!"""
"Krankenhaus Marienstift gGmbH,1, 5Â Sterne ,vor einem Jahr,1,""Besser geht's nicht! Jedes mal wurde ich in DIESEM Krankenhaus am freundlichsten Empfangen (meine Erfahrung liegt bei der Frauenklinik). Die Ã„rzte sowie die Schwestern sind sehr nett. Die Zimmer sind nett eingerichtet , haben nicht das typische Krankenhausflair. Behandlungen erfolgen zÃ¼gig und grÃ¼ndlich. Vielen Dank fÃ¼r die angenehme Zeit!"""
"Krankenhaus Marienstift gGmbH,1, 1Â Stern ,vor 7 Monaten,2,""Katastrophale Klinik, unfreundliches Personal, Mahlzeiten die aussehen wie schonmal verspeist, schlechter Informationsfluss, Mangelnde AufklÃ¤rung Ã¼ber Behandlungs u TherapiemÃ¶glichkeiten."
"Kann nur jeden davon abraaten sich dort als Patient behandeln zu lassen."""
"Krankenhaus Marienstift gGmbH,1, 5Â Sterne ,vor 7 Monaten,1,""Ich habe durch die Hebammen Katrin Hohensee und JÃ¶rdis Meier mit dem Arzt Eduard Rorbach, eine absolut zauberhafte Geburt erlebt. Liebe Worte, lachen wÃ¤hrend der Wehenpausen, Streicheleinheiten, gute Tipps zur FÃ¶rderung einer einfacheren Geburt und eine super Anleitung. Auch die HebammenschÃ¼lerin und Hebamme Tracy, die ich kurz kennenlernte, waren sehr hilfsbereit und hatten ein Auge auf mich. Ich bekam nach der Geburt noch Abendbrot und Schokolade. Es wurde fÃ¼r uns Musik im KreiÃŸsaal abgespielt. Es ist zu einer unglaublichen Erinnerung geworden. Meine beiden anderen MÃ¤use bekam ich in Wob, was Ã¼berhaupt nicht zu vergleichen ist. Die Nachsorge auf der Station war auch sehr angenehm. Nette Schwestern und Ã„rzte waren stets hilfsbereit. Ich war 3 Tage dort und fÃ¼hlte mich sehr wohl. Ich konnte mich gut erholen und wÃ¤re auch noch 2 Tage lÃ¤nger dort geblieben. Ich danke ganz herzlich fÃ¼r diese ZeitğŸŒ»"""
"Krankenhaus Marienstift gGmbH,1, 1Â Stern ,vor 8 Monaten,GefÃ¤llt mir,""MaÃŸlos enttÃ¤uscht."
Achtung! Kostenfalle fÃ¼r Schwangere.
Wir waren vor der Geburt unserer Tochter zur Hebammensprechstunde, um uns voranzumelden und vor allem, weil wir Fragen zu den BaumaÃŸnahmen hatten. Der KreiÃŸsaal hatte zu dieser Zeit bereits mehrfach plÃ¶tzlich schlieÃŸen mÃ¼ssen und Geburten konnten nicht stattfinden. Wir mussten sehr lange warten und kamen erst dran, als die eigentliche Zeit der Sprechstunde schon abgelaufen war. Es folgte ein 15-minÃ¼tiges GesprÃ¤ch Ã¼ber die BaumaÃŸnahmen und das Wetter, wÃ¤hrend wir den Bogen fÃ¼r die Voranmeldung ausfÃ¼llten - gleich mit Hinweis, dass wir wegen der Baustellensituation Ã¼ber ein anderes Krankenhaus nachdenken.
Es ging mit keinem Wort um die Geburt oder um meine Schwangerschaft. Dazu hatten wir keine Fragen und Zeit dazu war auch nicht.
Das bÃ¶se Erwachen kam im Nachhinein.
Die Hebammen rechnen das GesprÃ¤ch mit der Ziffer 0203 ab. Das ist die gleiche Position Ã¼ber die das KennenlerngesprÃ¤ch mit der eigenen Hebamme lÃ¤uft. Dieses bekommt jede Schwangere aber nur einmal erstattet. Effektiv kostet die Voranmeldung, wenn man eine Hebamme hat, damit 45 Euro!
Darauf wird nicht hingewiesen, was ich fÃ¼r eine Frechheit halte!
Das ist nach RÃ¼cksprache auch nicht nur mir passiert, sondern auch anderen aus meinem Geburtsvorbereitungskurs, die zur Anmeldung in der Sprechstunde waren.
Ich habe bisher groÃŸe StÃ¼cke auf den Marienstift und die Stiftung Neuerkerode gehalten. Wir haben sogar an unserer Hochzeit im Gottesdienst fÃ¼r die Evangelische Stiftung Neuerkerode gesammelt.

"Nach dieser Erfahrung bin ich nun einfach maÃŸlos enttÃ¤uscht! Nie wieder, wenn es sich vermeiden lÃ¤sst."""
"Krankenhaus Marienstift gGmbH,1, 5Â Sterne ,vor einem Jahr,3,""Wir haben unseren Sohn im Marienstift zur Welt bringen dÃ¼rfen."
Ich kÃ¶nnte jetzt einen merhseitigen Aufsatz verfassen, wie herzlich das Personal und persÃ¶nlich die Betreuung im Krankenhaus Marienstift war.
"Jedoch spare ich mir das uns mÃ¶chte einfach nur aus tiefsten Herzen Danke fÃ¼r alles sagen! Besser geht es nicht!"""
"Krankenhaus Marienstift gGmbH,1, 1Â Stern ,vor einem Jahr,1,""Die Station M1 war super. Leider ist die M3 das komplette Gegenteil. Kein Trink Protokoll bei einer Nieren Patientin, auf Nachfrage wurde von einer 91- jÃ¤hrigen dame verlangt sich zu erinnern was sie tagsÃ¼ber alles getrunken hat."
Die Ã„rztin war leider auch das Gegenteil zu Station M1. Furchtbar hier oben unter dem Dach.
"Meine Oma wurde nicht gut versorgt."""
"Krankenhaus Marienstift gGmbH,1, 5Â Sterne ,vor einem Jahr,GefÃ¤llt mir,""Durch das Marienstift bin ich auf den TOP Pflegedienst Pusteblume aufmerksam geworden. Die MÃ¤dels sind der Knaller. Die Pflege im Marienstift war fÃ¼r meinen Vater sehr gut. Essen schmeckt, Ã„rzte, Schwestern und Pfleger waren immer fÃ¼r uns da! Der Aufenthalt ist schon etwas her, aber besser spÃ¤t als nie"""
Krankenhaus Marienstift gGmbH,1, 5Â Sterne ,vor einem Jahr,GefÃ¤llt mir,Ein tolles Krankenhaus. Ich fÃ¼hle mich auf der C2 super gut aufgehoben. Alle sind nett und um einen bemÃ¼ht. Der Chirurg hat seine Arbeit super gemacht. Die Zimmer sind gemÃ¼tlich und sehen gar nicht nach Krankenhaus aus. Ich wÃ¼rde mich immer wieder fÃ¼r das Marienstift entscheiden. Ein groÃŸes Danke an das Team!!!
"Krankenhaus Marienstift gGmbH,1, 2Â Sterne ,vor einem Jahr,5,""Nette Schwestern, arroganter Chefarzt. Hier wurde ich zwar, nach meinem laienhaften Wissen, medizinisch gut versorgt, allerdings wie eine """"Nummer"""" durchgewunken. Ich habe mich nicht ernst genommen gefÃ¼hlt. Wurde, trotz meiner 46 Jahre wie ein kleines Kind behandelt. Ich wÃ¼rde das nÃ¤chste Mal (hoffentlich brauche ich es nicht) darauf bestehen woanders hinzugehen."""
"Krankenhaus Marienstift gGmbH,1, 1Â Stern ,vor einem Jahr,3,""Nette Schwestern, aber ansonsten wurde eine offensichtliche EntzÃ¼ndung im gesamten Mundraum einfach Ã¼bersehen. Es hieÃŸ immer â€alles perfektâ€œ und damit wÃ¼rde ich dann auch, viel zu frÃ¼h, entlassen. Als Zusatzversicherter hatte ich keinerlei â€Vorteileâ€œ. Eine Chefarztvisite war Ã¼berhaupt nicht gegeben."""
"Krankenhaus Marienstift gGmbH,1, 4Â Sterne ,vor einem Jahr,2,""Da wir mehrere Schichten im KreiÃŸsaal mitgenommen haben... Kann ich nur sagen die 3 Hebammen waren alle super. Eine AssistentsÃ¤rztin war gar nicht toll"
Schwestern auf Station Ã¼berfordert, teilweise unfreundlich.
"Wir wÃ¼rden trotzdem wieder kommen."""
"Krankenhaus Marienstift gGmbH,1, 5Â Sterne ,vor einem Jahr,GefÃ¤llt mir,""Bislang war ich Braunschweiger Kliniken gegenÃ¼ber immer etwas skeptisch aufgrund der schlechten Erfahrungen, die AngehÃ¶rige insbesondere in dem groÃŸen Klinikkomplex im SÃ¼den gemacht haben, aber das Marienstift hat mir (in dem Fall selbst als Patient auf Station C2) bewiesen dass es auch ganz anders geht. Die Krankenschwestern waren sehr hÃ¶flich und ich wurde medizinisch (soweit ich als Laie das ermessen kann) sehr gut betreut. Da waren bei den erfahrenen Schwestern/Pflegern auch einige Azubis dabei, so dass ich den Eindruck habe, dass der Personalmangel im Pflegebereich nicht beim Marienstift auftritt."
Einziger Kritikpunkt:
"Sowohl beim Chirurgen (im Schlosscaree) als auch bei der Aufnahme im Krankenhaus musste ich ganz viele Formulare mit sehr vielen gleichen Fragen beantworten. Sprich: FÃ¼r die Aufnahme sollte man ein paar Stunden Zeit mitbringen..."""
"Krankenhaus Marienstift gGmbH,1, 5Â Sterne ,vor einem Jahr,1,""Wir bedanken uns herzlich fÃ¼r die Hilfe und die Betreuung! Wir empfehlen dieses haus jedem weiter und qwÃ¼rde es jederzeit wieder besuchen ."

Die Geburt meines Sohnes verlief Dank der Hilfe der zuvorkommenden und fachlich kompetenten Hebammen, Schwestern und Ã„rzte ohne Komplikationen. Auch den seelischen Beistand haben sie gut geleistet und waren fÃ¼r mich und meine Freundin da.

Das essen war ebenfalls lecker und abwechslungsreich, im Vergleich zu anderen HÃ¤usern.

"Danke und gerne wieder!!!!!"""
"Krankenhaus Marienstift gGmbH,1, 5Â Sterne ,vor einem Jahr,2,""Ich wurde im Marienstift Krankenhaus bestens versorgt. Obwohl ich sehr Ã¤ngstlich war konnten die Ã„rztin und die Schwestern in der Notaufnahme mich beruhigen und mir versichern die richtige Wahl getroffen zu haben. (Ich hatte mich selbst vorgestellt mit sehr hohem Blutdruck). Auch spÃ¤ter auf der Station wurde ich freundlich, ruhig und absolut kompetent behandelt. Das finde ich total wichtig, da mein Vertrauen zu diesem Haus mir meine Angst genommen hat."
"Am nÃ¤chsten Tag hatte ich das GlÃ¼ck von Herrn Dr. PrÃ¶nneke untersucht zu werden. DafÃ¼r allein lohnt sich schon der Weg in dieses Krankenhaus. Er wertete die Blutergebnisse, das EKG und die RÃ¶ntgenbilder aus und konnte Entwarnung geben. Auf seiner Station (Innere) fÃ¼hlt man sich zu 100% in den richtigen HÃ¤nden. Danke an die freundlichen Krankenschwestern und an Herrn Dr. PrÃ¶nneke. Es ist mir ein VergnÃ¼gen Ihr Patient zu sein! Danke."""
Krankenhaus Marienstift gGmbH,1, 5Â Sterne ,vor 2 Jahren,1,Besser geht es nicht. Super Team hier. Endlich mal Ã„rzte denen man vertrauen kann und kompetent sind. Personal 1+++. Vielen Dank fÃ¼r den angenehmen Aufenthalt und Hilfe.
"Krankenhaus Marienstift gGmbH,1, 3Â Sterne ,vor einem Jahr,2,""Ich sollte auf meine Sauberkeit achten, wegen infektionsgefahr. Ich hatte dreimal drum gebeten mein Bett zu beziehen. Zum Schluss musste ich mein Bett alleine beziehen. Und das nennen die christliche NÃ¤chstenliebe."""
Krankenhaus Marienstift gGmbH,1, 5Â Sterne ,vor 2 Jahren,2,Tolle Schwestern und toller Chefarzt in der Frauenklinik. Keine Massenabfertigung und ordentliches Personal. In den meisten KrankenhÃ¤usern ist es wirklich unsauber und kann mir die Menschen dort gar nicht anschauen. Marienstift ist absolut empfehlenswert!!!
Krankenhaus Marienstift gGmbH,1, 4Â Sterne ,vor einem Jahr,3,Meine Mutter lag im Marienstift und das Eis ist sehr lecker. ğŸ¨ğŸ§ğŸ¦
"Krankenhaus Marienstift gGmbH,1, 5Â Sterne ,vor 2 Jahren,1,""Sehr freundliches, hilfsbereites und aufgeschlossenes Personal, das auch mal ein LÃ¤cheln zeigt. Habe mich sehr gut aufgehoben gefÃ¼hlt. Danke schÃ¶n"""
"Krankenhaus Marienstift gGmbH,1, 5Â Sterne ,vor 2 Jahren,GefÃ¤llt mir,""Sehr nette und zuvorkommende Schwestern. Ã„rzte auch freundlich und kompetent. Auf jeden Fall keine Massenabfertigung, was sehr erfreulich ist."""
"Krankenhaus Marienstift gGmbH,1, 5Â Sterne ,vor 2 Jahren,2,""Bereich Frauenklinik, wir waren zur Geburt unseres Kindes dort und bei dem auftretenden Geburtsstopp wurde uns sehr gut und professionell geholfen. Auch die Nachsorge war sehr freundlich und das Personal hatte immer Zeit fÃ¼r uns. Nur die Beschilderung auf dem GelÃ¤nde sollte deutlich ausgebaut werden."""
"Krankenhaus Marienstift gGmbH,1, 1Â Stern ,vor 2 Jahren,4,""Hebamme inkompetent und unfreundlich hat einen Praktikanten fÃ¼r sich Arbeiten lassen und als es zur OP ging hat der Arzt auch noch Witze und dumme SprÃ¼che gemacht."

"FÃ¼r uns eine reine EnttÃ¤uschung vor allem weil es unser erstes Kind war was wir bekommen haben. Niemals wieder!!!"""
"Krankenhaus Marienstift gGmbH,1, 5Â Sterne ,vor 2 Jahren,2,""Vielen Dank an die c2 fÃ¼r die Behandlung, kann ich nur weiterempfehlen."
"GroÃŸes Lob an die Lernschwestern und Lernpfleger im Rahmen der Projekt Woche"""
"Krankenhaus Marienstift gGmbH,1, 1Â Stern ,vor 2 Jahren,1,""unfreundliches Personal"
Personal QualitÃ¤t 0
1.besuch 2018Februar op Entscheidung
Op fertig nach ..
Ergebnis bis ende der Jahre Tag zu Tag schmerzen immer mehr immer mehr
2. Besuch2018 Dezember wieder op und nach 1 Tag Aufenthalt nach Hause..
Ergebnis noch mehr schmerzen wie vor.
3.besuch 2019 JÃ¤nner
Wieder Spital bleiben Sie kÃ¶nnen niemanden was fragen.
Wenn Sie jemand was fragen Sie wÃ¼rden immer abgewiesen..
4.tagen sinnlosen offenhalte nach Hause
Ergebnis.    0,0

Kommentar von die Ã„rzte
"Wir kÃ¶nnen nichts finden"""
"Krankenhaus Marienstift gGmbH,1, 5Â Sterne ,vor 3 Jahren,7,""War in der Chirugie. Chef sehr nett und kompetent."
Die Station C3 mit dem Personal ist auch sehr nett.
"Ich wÃ¼rde ja schreiben - gerne wieder - aber das lasse ich dann doch lieber."""
"Krankenhaus Marienstift gGmbH,1, 1Â Stern ,vor 2 Jahren,1,""Grauselig, nie wieder!!!"""
"Krankenhaus Marienstift gGmbH,1, 1Â Stern ,vor 2 Jahren,4,""Das ist hier mal gar nichts!"

Unfreundlich, unfÃ¤hig und Ã¼berhaupt einfach nur Mist.

Mein vegetarisches Essen war 2 mal mit Fleisch in 3 Tagen.
Die Schwestern sind Ã¼berwiegend nicht freundlich und faul!
Als ich in der nacht ein Schmerzmittel wollte um endlich Schlaf zu finden hieÃŸ es zu mir: â€ja dann stehen sie auf kommen sich das mal im schwesternzimmer abholenâ€œ
Die Liste kÃ¶nnte noch lange so weitergehen!
Nur eine tolle Schwester dabei gewesen, die war aber auch echt top. Die konnte es aber auch nicht reiÃŸen.
"Danke fÃ¼r nichts!"""
"Krankenhaus Marienstift gGmbH,1, 4Â Sterne ,vor 3 Jahren,1,""Ã„rzte und das ganze Personal sind ausgesprochen nett und zuvorkommend. Die Hand-Op bei Dr. Benatar verlief positiv wie erhofft und erwartet. Nur vom Essen war ich etwas enttÃ¤uscht. Mittagessen konnte ich wegen OP-Termin nicht aussuchen, macht ja auch nichts. Aber anstatt des angekÃ¼ndigten Menue 1 (Fisch) kamen Omelette und Reis. Zum FrÃ¼hstÃ¼ck fehlte die angekÃ¼ndigte Marmelade, habe ich auf Nachfrage dann noch von der Schwester bekommen. Und der Kaffee war kalt. Und nach welchen Kriterien werden die BrÃ¶tchen verteilt? Ich hÃ¤tte auch gerne eins mit KÃ¶rnern gehabt."""
"Krankenhaus Marienstift gGmbH,1, 5Â Sterne ,vor 2 Jahren,GefÃ¤llt mir,""Super , Ã„rzte und Schwestern alle zuvorkommend, freundlich"""
"Krankenhaus Marienstift gGmbH,1, 5Â Sterne ,vor 4 Jahren,2,""Die Verpflegung ist einfach gesagt:,,SpektakulÃ¤r"""""""
Krankenhaus Marienstift gGmbH,1, 5Â Sterne ,vor 4 Jahren,4,War wie immer alles in Ordnung.
Krankenhaus Marienstift gGmbH,1, 4Â Sterne ,vor 5 Jahren,0,
Krankenhaus Marienstift gGmbH,1, 2Â Sterne ,vor 5 Jahren,0,
Krankenhaus Marienstift gGmbH,1, 1Â Stern ,vor einem Monat,0,
Krankenhaus Marienstift gGmbH,1, 1Â Stern ,vor 5 Monaten,0,
Krankenhaus Marienstift gGmbH,1, 5Â Sterne ,vor einem Jahr,0,
Krankenhaus Marienstift gGmbH,1, 5Â Sterne ,vor 7 Monaten,0,
Krankenhaus Marienstift gGmbH,1, 5Â Sterne ,vor 21 Stunden,0,
Krankenhaus Marienstift gGmbH,1, 2Â Sterne ,vor 4 Jahren,0,
Krankenhaus Marienstift gGmbH,1, 5Â Sterne ,vor 2 Jahren,0,
Krankenhaus Marienstift gGmbH,1, 5Â Sterne ,vor 2 Jahren,0,
Krankenhaus Marienstift gGmbH,1, 5Â Sterne ,vor 6 Monaten,0,
Krankenhaus Marienstift gGmbH,1, 5Â Sterne ,vor 3 Jahren,0,
Krankenhaus Marienstift gGmbH,1, 3Â Sterne ,vor 2 Jahren,0,
Krankenhaus Marienstift gGmbH,1, 5Â Sterne ,vor 3 Jahren,0,
Krankenhaus Marienstift gGmbH,1, 5Â Sterne ,vor 5 Jahren,0,
Krankenhaus Marienstift gGmbH,1, 5Â Sterne ,vor 2 Jahren,0,
Krankenhaus Marienstift gGmbH,1, 5Â Sterne ,vor 4 Monaten,0,
Krankenhaus Marienstift gGmbH,1, 1Â Stern ,vor 4 Jahren,0,
Krankenhaus Marienstift gGmbH,1, 5Â Sterne ,vor einem Jahr,0,
Krankenhaus Marienstift gGmbH,1, 5Â Sterne ,vor 3 Monaten,0,
Krankenhaus Marienstift gGmbH,1, 5Â Sterne ,vor einem Jahr,0,
Krankenhaus Marienstift gGmbH,1, 5Â Sterne ,vor einem Jahr,0,
Krankenhaus Marienstift gGmbH,1, 4Â Sterne ,vor 3 Jahren,0,
Krankenhaus Marienstift gGmbH,1, 5Â Sterne ,vor 2 Jahren,0,
Krankenhaus Marienstift gGmbH,1, 5Â Sterne ,vor einem Jahr,0,
Krankenhaus Marienstift gGmbH,1, 5Â Sterne ,vor 4 Jahren,0,
Krankenhaus Marienstift gGmbH,1, 5Â Sterne ,vor 4 Wochen,0,
Krankenhaus Marienstift gGmbH,1, 5Â Sterne ,vor 5 Monaten,0,
Krankenhaus Marienstift gGmbH,1, 5Â Sterne ,vor 6 Jahren,0,
Krankenhaus Marienstift gGmbH,1, 1Â Stern ,vor 3 Jahren,0,
Krankenhaus Marienstift gGmbH,1, 5Â Sterne ,vor einem Jahr,0,
Krankenhaus Marienstift gGmbH,1, 5Â Sterne ,vor 4 Wochen,0,
Krankenhaus Marienstift gGmbH,1, 5Â Sterne ,vor 2 Jahren,0,
